Namespace,SurveyIdentifier,SurveyResponseIdentifier,PersonId,SourceSystemDescriptor
uri://tpdm.ed-fi.org,9F22914C-7A93-4CF6-83C1-850E1185B672,FE7191A8-C059-4C71-A46C-507B70DE66D4,004E604E5DB64818AE0C4CEDB3305CA1,uri://ed-fi.org/SourceSystemDescriptor#State
uri://tpdm.ed-fi.org,9F22914C-7A93-4CF6-83C1-850E1185B672,5A9C0F6C-EB7E-4341-87F3-C70889CE8BDA,0175A09B65EE427C8DDCE6D855890252,uri://ed-fi.org/SourceSystemDescriptor#State
uri://tpdm.ed-fi.org,9F22914C-7A93-4CF6-83C1-850E1185B672,81F5E7D6-DD18-45A5-9822-023E986591A0,0175A09B65EE427C8DDCE6D855890252,uri://ed-fi.org/SourceSystemDescriptor#State
uri://tpdm.ed-fi.org,CB20860D-6202-4A1E-9009-6805F4F02B0C,1E9A40AC-4E63-4855-B3B2-D404E8A44F83,0175A09B65EE427C8DDCE6D855890252,uri://ed-fi.org/SourceSystemDescriptor#State
uri://tpdm.ed-fi.org,9F22914C-7A93-4CF6-83C1-850E1185B672,A3AA3CAE-38C8-4AA9-8D79-A9CF631EC858,020374AC2470415CA35C68C8C0C2B50E,uri://ed-fi.org/SourceSystemDescriptor#State
uri://tpdm.ed-fi.org,CB20860D-6202-4A1E-9009-6805F4F02B0C,6A45B9BD-DE23-45E0-90FA-D7DFFC6FE9D9,020374AC2470415CA35C68C8C0C2B50E,uri://ed-fi.org/SourceSystemDescriptor#State
uri://tpdm.ed-fi.org,9F22914C-7A93-4CF6-83C1-850E1185B672,31204EAD-51F0-4695-9BD3-79AF986FA58E,0559DAFF95B3481AAF7BEA40AB5664C1,uri://ed-fi.org/SourceSystemDescriptor#State
uri://tpdm.ed-fi.org,8A028D4C-06C1-4653-B3A5-015A8B386EC7,9A56CAFF-A780-4B04-A3F8-62792B41FE5D,0729C76E93694750986DE2A3CB1D1612,uri://ed-fi.org/SourceSystemDescriptor#State
uri://tpdm.ed-fi.org,CB20860D-6202-4A1E-9009-6805F4F02B0C,8C2A2DBB-BEF3-4E18-A29B-4AFF6287C233,07C1DB19A25940168F17959CC5964306,uri://ed-fi.org/SourceSystemDescriptor#State
uri://tpdm.ed-fi.org,8A028D4C-06C1-4653-B3A5-015A8B386EC7,9D69A3D5-6409-430C-907C-E8E325484C4C,093F785E589745BFAF1ABEF3C13C568B,uri://ed-fi.org/SourceSystemDescriptor#State
uri://tpdm.ed-fi.org,8A028D4C-06C1-4653-B3A5-015A8B386EC7,A8C52AC5-C9ED-4DBC-AB31-7A7A8FE3DCB4,093F785E589745BFAF1ABEF3C13C568B,uri://ed-fi.org/SourceSystemDescriptor#State
uri://tpdm.ed-fi.org,9F22914C-7A93-4CF6-83C1-850E1185B672,4149D38E-24EE-46B8-BB46-8600C9AAF654,09AFAF8A4E4A4FC2BF6DA116E0BD1797,uri://ed-fi.org/SourceSystemDescriptor#State
uri://tpdm.ed-fi.org,9F22914C-7A93-4CF6-83C1-850E1185B672,A7DFB5CD-4899-4B4E-8559-C5CC711824D2,09AFAF8A4E4A4FC2BF6DA116E0BD1797,uri://ed-fi.org/SourceSystemDescriptor#State
uri://tpdm.ed-fi.org,9F22914C-7A93-4CF6-83C1-850E1185B672,821E45E4-06EC-48E5-8F09-51533E3DBAB0,0B51A87E03E547DF9D4D4AFD601A450D,uri://ed-fi.org/SourceSystemDescriptor#State
uri://tpdm.ed-fi.org,CB20860D-6202-4A1E-9009-6805F4F02B0C,7A213DB1-CA84-4F55-A68B-10117366FEA3,0B51A87E03E547DF9D4D4AFD601A450D,uri://ed-fi.org/SourceSystemDescriptor#State
uri://tpdm.ed-fi.org,CB20860D-6202-4A1E-9009-6805F4F02B0C,A970854C-5B7C-4DBA-BCAB-FE5548D53828,0B51A87E03E547DF9D4D4AFD601A450D,uri://ed-fi.org/SourceSystemDescriptor#State
uri://tpdm.ed-fi.org,CB20860D-6202-4A1E-9009-6805F4F02B0C,EC01A136-0DEB-4990-BFB6-0C7D6D58E5CA,0B51A87E03E547DF9D4D4AFD601A450D,uri://ed-fi.org/SourceSystemDescriptor#State
uri://tpdm.ed-fi.org,CB20860D-6202-4A1E-9009-6805F4F02B0C,D6784364-EBB2-46CF-9571-4DA13C5101B8,0B7DCF0E7D69444A977CFD373CDCD22C,uri://ed-fi.org/SourceSystemDescriptor#State
uri://tpdm.ed-fi.org,9F22914C-7A93-4CF6-83C1-850E1185B672,A160575F-A9EA-4701-925E-21E1A4E91698,0B946BE78F9C4D84AE96FFC95EC9276D,uri://ed-fi.org/SourceSystemDescriptor#State
uri://tpdm.ed-fi.org,8A028D4C-06C1-4653-B3A5-015A8B386EC7,A6458A86-5287-49F9-806C-B404BF58AC4A,0DB79026B82C49E282C2DC833BC89153,uri://ed-fi.org/SourceSystemDescriptor#State
uri://tpdm.ed-fi.org,9F22914C-7A93-4CF6-83C1-850E1185B672,351DE387-E8D9-40E9-BB31-CEE511A7140D,0DB79026B82C49E282C2DC833BC89153,uri://ed-fi.org/SourceSystemDescriptor#State
uri://tpdm.ed-fi.org,CB20860D-6202-4A1E-9009-6805F4F02B0C,966C3250-E727-4540-B901-D0F1A8FCF189,0EA0D90C69874798A0C9A9467ACCDD88,uri://ed-fi.org/SourceSystemDescriptor#State
uri://tpdm.ed-fi.org,9F22914C-7A93-4CF6-83C1-850E1185B672,44FB3DC0-557E-47E2-BA71-2AC49FA9DA20,0EA62B8BE54446CB99B442E59EDE6F0F,uri://ed-fi.org/SourceSystemDescriptor#State
uri://tpdm.ed-fi.org,9F22914C-7A93-4CF6-83C1-850E1185B672,94BC9CB5-8138-4A19-9A70-7560F6FE35DB,12087702410248F287E9E6ADBE4B1564,uri://ed-fi.org/SourceSystemDescriptor#State
uri://tpdm.ed-fi.org,9F22914C-7A93-4CF6-83C1-850E1185B672,AFC630C3-C033-4A78-9370-2C8242D0E19B,12087702410248F287E9E6ADBE4B1564,uri://ed-fi.org/SourceSystemDescriptor#State
uri://tpdm.ed-fi.org,9F22914C-7A93-4CF6-83C1-850E1185B672,F66598A9-DB89-48EC-BD10-5B76F804D70F,12087702410248F287E9E6ADBE4B1564,uri://ed-fi.org/SourceSystemDescriptor#State
uri://tpdm.ed-fi.org,CB20860D-6202-4A1E-9009-6805F4F02B0C,F465E7EB-74C7-4DA8-94A9-17CC6DA83E7D,12087702410248F287E9E6ADBE4B1564,uri://ed-fi.org/SourceSystemDescriptor#State
uri://tpdm.ed-fi.org,8A028D4C-06C1-4653-B3A5-015A8B386EC7,2F65CAA7-F08A-4518-ADC0-5D72437CA9B0,122DBC63A10C42C8A9DCEF351924090C,uri://ed-fi.org/SourceSystemDescriptor#State
uri://tpdm.ed-fi.org,CB20860D-6202-4A1E-9009-6805F4F02B0C,7224A17A-7722-488C-9C2F-F18D9DEA0301,122DBC63A10C42C8A9DCEF351924090C,uri://ed-fi.org/SourceSystemDescriptor#State
uri://tpdm.ed-fi.org,CB20860D-6202-4A1E-9009-6805F4F02B0C,8A11861B-ACD7-4B3C-B477-462F15DCBC0D,12F9778FE05542DC977A436DB2037C5C,uri://ed-fi.org/SourceSystemDescriptor#State
uri://tpdm.ed-fi.org,8A028D4C-06C1-4653-B3A5-015A8B386EC7,56267FE4-F8A9-4CD2-9952-3CCA5CE024A5,146679AF2611465B970886B5A82901AC,uri://ed-fi.org/SourceSystemDescriptor#State
uri://tpdm.ed-fi.org,8A028D4C-06C1-4653-B3A5-015A8B386EC7,64722B3D-A6B1-479E-845F-F530E39DA659,146679AF2611465B970886B5A82901AC,uri://ed-fi.org/SourceSystemDescriptor#State
uri://tpdm.ed-fi.org,8A028D4C-06C1-4653-B3A5-015A8B386EC7,BF704319-9A1A-43B6-A527-7616FAF548FA,146679AF2611465B970886B5A82901AC,uri://ed-fi.org/SourceSystemDescriptor#State
uri://tpdm.ed-fi.org,9F22914C-7A93-4CF6-83C1-850E1185B672,E5B0134F-F701-4479-BA7A-51B144FA10F3,16D0CE5DF1EF4959B5CC9219A2A7B191,uri://ed-fi.org/SourceSystemDescriptor#State
uri://tpdm.ed-fi.org,8A028D4C-06C1-4653-B3A5-015A8B386EC7,ECA118B7-222E-4E43-A2B3-599BBD612CA1,17CC37F09C604AF3917EE40FE1D9331A,uri://ed-fi.org/SourceSystemDescriptor#State
uri://tpdm.ed-fi.org,9F22914C-7A93-4CF6-83C1-850E1185B672,384479E3-9A44-421E-8DDB-ABC202746173,19B0B1179323429696A52BDF13058361,uri://ed-fi.org/SourceSystemDescriptor#State
uri://tpdm.ed-fi.org,9F22914C-7A93-4CF6-83C1-850E1185B672,40029A3D-B214-4717-92B2-DC8EA036A268,19B0B1179323429696A52BDF13058361,uri://ed-fi.org/SourceSystemDescriptor#State
uri://tpdm.ed-fi.org,CB20860D-6202-4A1E-9009-6805F4F02B0C,EA9719AC-C54B-4D6C-9EDE-1325B87D2023,1A1766356BBB4FD58C8C85220D3A85E9,uri://ed-fi.org/SourceSystemDescriptor#State
uri://tpdm.ed-fi.org,9F22914C-7A93-4CF6-83C1-850E1185B672,17C9A9C1-0B83-44F5-A3A5-BB8F30A4C3D5,1A965EDBDC3A4F3C9DEEDE71F687149B,uri://ed-fi.org/SourceSystemDescriptor#State
uri://tpdm.ed-fi.org,9F22914C-7A93-4CF6-83C1-850E1185B672,61FF5751-9D43-435D-BF7C-071D48C5A5A9,1A965EDBDC3A4F3C9DEEDE71F687149B,uri://ed-fi.org/SourceSystemDescriptor#State
uri://tpdm.ed-fi.org,CB20860D-6202-4A1E-9009-6805F4F02B0C,E35386FC-8EF2-4C49-80E3-9D80B861597D,1A965EDBDC3A4F3C9DEEDE71F687149B,uri://ed-fi.org/SourceSystemDescriptor#State
uri://tpdm.ed-fi.org,8A028D4C-06C1-4653-B3A5-015A8B386EC7,8F8B1402-1916-470F-90C6-88F29E38F9C0,1B97209D58A44838B450C01EFD1749BB,uri://ed-fi.org/SourceSystemDescriptor#State
uri://tpdm.ed-fi.org,CB20860D-6202-4A1E-9009-6805F4F02B0C,6733E7ED-B7A7-4ECA-AE28-2F5B7F25A8F2,1B97209D58A44838B450C01EFD1749BB,uri://ed-fi.org/SourceSystemDescriptor#State
uri://tpdm.ed-fi.org,9F22914C-7A93-4CF6-83C1-850E1185B672,AC1B1F46-B105-46B4-B5A1-B5DE38452971,1C241203B727453CA40B3D44C16F07D9,uri://ed-fi.org/SourceSystemDescriptor#State
uri://tpdm.ed-fi.org,8A028D4C-06C1-4653-B3A5-015A8B386EC7,3A045EE8-4E99-4D6F-A962-18BB4676C40E,1C6B8B6EF4544B8D8ADD143CF158144E,uri://ed-fi.org/SourceSystemDescriptor#State
uri://tpdm.ed-fi.org,9F22914C-7A93-4CF6-83C1-850E1185B672,57F689AE-B201-42E6-A875-9EECE83379A3,1C6B8B6EF4544B8D8ADD143CF158144E,uri://ed-fi.org/SourceSystemDescriptor#State
uri://tpdm.ed-fi.org,8A028D4C-06C1-4653-B3A5-015A8B386EC7,F51C8024-7ABF-462C-A157-B0FBDE504F9A,1D90C50D27CD48739D00349416359271,uri://ed-fi.org/SourceSystemDescriptor#State
uri://tpdm.ed-fi.org,CB20860D-6202-4A1E-9009-6805F4F02B0C,58103DFB-49CA-484D-AE06-58F894D032C3,1D90C50D27CD48739D00349416359271,uri://ed-fi.org/SourceSystemDescriptor#State
uri://tpdm.ed-fi.org,8A028D4C-06C1-4653-B3A5-015A8B386EC7,5A5568C9-CB1A-45F6-85A2-8305BECAB5CB,1DAC09D1A4384897A056559E7CBFBB85,uri://ed-fi.org/SourceSystemDescriptor#State
uri://tpdm.ed-fi.org,CB20860D-6202-4A1E-9009-6805F4F02B0C,30709447-55A3-4602-9CA0-E85E7F216352,1DAC09D1A4384897A056559E7CBFBB85,uri://ed-fi.org/SourceSystemDescriptor#State
uri://tpdm.ed-fi.org,CB20860D-6202-4A1E-9009-6805F4F02B0C,8BD1F843-E91B-4A5D-8D33-266D5CD56F49,1DAC09D1A4384897A056559E7CBFBB85,uri://ed-fi.org/SourceSystemDescriptor#State
uri://tpdm.ed-fi.org,8A028D4C-06C1-4653-B3A5-015A8B386EC7,68834FF0-1990-41F8-AB4A-E32CD2E8B008,1DD6CD2A1D3046F18D496DC0B8064470,uri://ed-fi.org/SourceSystemDescriptor#State
uri://tpdm.ed-fi.org,8A028D4C-06C1-4653-B3A5-015A8B386EC7,F4ED8BE4-8630-4E07-A489-D0A074A853B0,1DD6CD2A1D3046F18D496DC0B8064470,uri://ed-fi.org/SourceSystemDescriptor#State
uri://tpdm.ed-fi.org,9F22914C-7A93-4CF6-83C1-850E1185B672,55A268FD-3E53-49A2-9942-C5EEC4746E15,1DD6CD2A1D3046F18D496DC0B8064470,uri://ed-fi.org/SourceSystemDescriptor#State
uri://tpdm.ed-fi.org,8A028D4C-06C1-4653-B3A5-015A8B386EC7,326133E7-2FCA-4978-8C35-4B00A6A612AA,1F78CA1354F545FDA6896EA24A95F06A,uri://ed-fi.org/SourceSystemDescriptor#State
uri://tpdm.ed-fi.org,9F22914C-7A93-4CF6-83C1-850E1185B672,2C4A942D-47F0-4537-9951-EB6475FD18CD,1F78CA1354F545FDA6896EA24A95F06A,uri://ed-fi.org/SourceSystemDescriptor#State
uri://tpdm.ed-fi.org,8A028D4C-06C1-4653-B3A5-015A8B386EC7,06C6FF2F-D530-45BC-ACAD-809CD1F119C3,201C4CC344624F498D4801C00B2ACFBB,uri://ed-fi.org/SourceSystemDescriptor#State
uri://tpdm.ed-fi.org,9F22914C-7A93-4CF6-83C1-850E1185B672,FDF8AA54-CDC0-4526-B2BC-DCDA083B2D49,22B444587A1C494C9C7621491D01C478,uri://ed-fi.org/SourceSystemDescriptor#State
uri://tpdm.ed-fi.org,CB20860D-6202-4A1E-9009-6805F4F02B0C,DBFAD6C1-429F-4EB2-B277-F54DBA773187,232070F1B17D49EFAC8514FB4D756CC7,uri://ed-fi.org/SourceSystemDescriptor#State
uri://tpdm.ed-fi.org,CB20860D-6202-4A1E-9009-6805F4F02B0C,090895C4-2910-4FBC-AA06-DF260F248B10,2372F9FB436140A7BA0DE0A07B653045,uri://ed-fi.org/SourceSystemDescriptor#State
uri://tpdm.ed-fi.org,8A028D4C-06C1-4653-B3A5-015A8B386EC7,0A7C76E0-281E-4B75-9C2B-7F4F937B1785,2392C9E468B14318B92337633ECF841B,uri://ed-fi.org/SourceSystemDescriptor#State
uri://tpdm.ed-fi.org,8A028D4C-06C1-4653-B3A5-015A8B386EC7,6D4888CD-491B-4D88-AC34-6028550E1B01,2392C9E468B14318B92337633ECF841B,uri://ed-fi.org/SourceSystemDescriptor#State
uri://tpdm.ed-fi.org,9F22914C-7A93-4CF6-83C1-850E1185B672,DF13B6C2-7E89-439C-B5FC-F2438176044A,2392C9E468B14318B92337633ECF841B,uri://ed-fi.org/SourceSystemDescriptor#State
uri://tpdm.ed-fi.org,8A028D4C-06C1-4653-B3A5-015A8B386EC7,59E4EE6A-20EF-4DF5-ABD2-7EBBCCABCF0E,247295E2B08846C79A54C285C5DDD427,uri://ed-fi.org/SourceSystemDescriptor#State
uri://tpdm.ed-fi.org,9F22914C-7A93-4CF6-83C1-850E1185B672,D55B455A-4A66-4312-B954-0E862DCA6A74,247295E2B08846C79A54C285C5DDD427,uri://ed-fi.org/SourceSystemDescriptor#State
uri://tpdm.ed-fi.org,CB20860D-6202-4A1E-9009-6805F4F02B0C,38847DC0-98D7-4311-94EF-CBC011EC16E6,256BBE0F236A43D3919CB8BACA4EE9E6,uri://ed-fi.org/SourceSystemDescriptor#State
uri://tpdm.ed-fi.org,9F22914C-7A93-4CF6-83C1-850E1185B672,4E96DA2E-4CCF-479C-A129-3B0DFFA92D54,259C55C0E0A64F59965981C38D6327AD,uri://ed-fi.org/SourceSystemDescriptor#State
uri://tpdm.ed-fi.org,CB20860D-6202-4A1E-9009-6805F4F02B0C,A724590A-F68F-474A-ADB5-C55760D631FB,259C55C0E0A64F59965981C38D6327AD,uri://ed-fi.org/SourceSystemDescriptor#State
uri://tpdm.ed-fi.org,CB20860D-6202-4A1E-9009-6805F4F02B0C,EBCE42C1-DBC0-45EC-8756-EA139171EC5D,259C55C0E0A64F59965981C38D6327AD,uri://ed-fi.org/SourceSystemDescriptor#State
uri://tpdm.ed-fi.org,9F22914C-7A93-4CF6-83C1-850E1185B672,F97BE9D0-878D-40B7-A8EC-785264E3FE59,25D38FEED1204102AE48695837EF543E,uri://ed-fi.org/SourceSystemDescriptor#State
uri://tpdm.ed-fi.org,CB20860D-6202-4A1E-9009-6805F4F02B0C,4B3F8C5A-4578-444B-A190-E1C6B550A5D7,27F732E0DE744EB8947075F56805B9BD,uri://ed-fi.org/SourceSystemDescriptor#State
uri://tpdm.ed-fi.org,CB20860D-6202-4A1E-9009-6805F4F02B0C,B0D786C2-809E-4F9A-AEA8-FD2268F5A00D,27F732E0DE744EB8947075F56805B9BD,uri://ed-fi.org/SourceSystemDescriptor#State
uri://tpdm.ed-fi.org,CB20860D-6202-4A1E-9009-6805F4F02B0C,44641135-8E0D-486F-89DD-2684E91F498E,29878B34428F46FB970F2E70D0F12BF9,uri://ed-fi.org/SourceSystemDescriptor#State
uri://tpdm.ed-fi.org,9F22914C-7A93-4CF6-83C1-850E1185B672,1AA1501D-2E5B-4B1A-9D90-28B1C73C55AF,29E5B99793344D9FA57D488B1BA0FAFC,uri://ed-fi.org/SourceSystemDescriptor#State
uri://tpdm.ed-fi.org,9F22914C-7A93-4CF6-83C1-850E1185B672,71A0DDF3-71B9-4B1B-9646-1303E5B12A0C,2A12873F87F646E69F5F850999DB7313,uri://ed-fi.org/SourceSystemDescriptor#State
uri://tpdm.ed-fi.org,9F22914C-7A93-4CF6-83C1-850E1185B672,ECEB8F1F-4981-42EC-BD14-8A230B17C192,2C57CEFCB08D4B1EAC76E20BAFA9A3B1,uri://ed-fi.org/SourceSystemDescriptor#State
uri://tpdm.ed-fi.org,CB20860D-6202-4A1E-9009-6805F4F02B0C,55D4AA2C-00E9-494F-A5C8-C9519A3BCD73,2C57CEFCB08D4B1EAC76E20BAFA9A3B1,uri://ed-fi.org/SourceSystemDescriptor#State
uri://tpdm.ed-fi.org,CB20860D-6202-4A1E-9009-6805F4F02B0C,D4F4755D-74B9-4FDF-862D-961E78CBC38A,2C57CEFCB08D4B1EAC76E20BAFA9A3B1,uri://ed-fi.org/SourceSystemDescriptor#State
uri://tpdm.ed-fi.org,CB20860D-6202-4A1E-9009-6805F4F02B0C,E282386B-3938-4F4A-B2DC-6DECB30A3D12,2C57CEFCB08D4B1EAC76E20BAFA9A3B1,uri://ed-fi.org/SourceSystemDescriptor#State
uri://tpdm.ed-fi.org,8A028D4C-06C1-4653-B3A5-015A8B386EC7,BE82A6B0-B941-486D-9220-4BA07793413F,2C866E280E2E4123973424EAE7E62179,uri://ed-fi.org/SourceSystemDescriptor#State
uri://tpdm.ed-fi.org,9F22914C-7A93-4CF6-83C1-850E1185B672,37F45886-2BF9-4330-86E9-AC72714CA95C,2C866E280E2E4123973424EAE7E62179,uri://ed-fi.org/SourceSystemDescriptor#State
uri://tpdm.ed-fi.org,CB20860D-6202-4A1E-9009-6805F4F02B0C,701DD792-737D-4823-9555-909FBA735C6D,2C866E280E2E4123973424EAE7E62179,uri://ed-fi.org/SourceSystemDescriptor#State
uri://tpdm.ed-fi.org,CB20860D-6202-4A1E-9009-6805F4F02B0C,F16AF4B1-DB11-4A7B-8354-CF0B4DFDDF00,2D909B5DBAA24EA6A1FAA06C878E85A9,uri://ed-fi.org/SourceSystemDescriptor#State
uri://tpdm.ed-fi.org,9F22914C-7A93-4CF6-83C1-850E1185B672,578E45C9-4C1F-4174-BCEB-4F97196846BF,2D97523E1F9A402C8DC2AF6F4B3A04B3,uri://ed-fi.org/SourceSystemDescriptor#State
uri://tpdm.ed-fi.org,9F22914C-7A93-4CF6-83C1-850E1185B672,6206C21E-EDAD-4367-B714-88B28A830F4E,2D9F64E0F1F84AABB5AE0C74859A8021,uri://ed-fi.org/SourceSystemDescriptor#State
uri://tpdm.ed-fi.org,8A028D4C-06C1-4653-B3A5-015A8B386EC7,354F820C-32A5-4ACE-BF2C-E0C246B0D0DF,2DE0F80DC9164A7CB9C9F89EAA0477BE,uri://ed-fi.org/SourceSystemDescriptor#State
uri://tpdm.ed-fi.org,8A028D4C-06C1-4653-B3A5-015A8B386EC7,ED6279FF-CCEF-43E0-8926-E8596597ED36,2DE0F80DC9164A7CB9C9F89EAA0477BE,uri://ed-fi.org/SourceSystemDescriptor#State
uri://tpdm.ed-fi.org,8A028D4C-06C1-4653-B3A5-015A8B386EC7,9AB3C52E-947A-43AB-9E33-AA202C8EE6F8,2EE768D813584F269EA965C2FCE360A1,uri://ed-fi.org/SourceSystemDescriptor#State
uri://tpdm.ed-fi.org,9F22914C-7A93-4CF6-83C1-850E1185B672,BACF6EF6-1A69-4ECD-9ADD-EDAF6FA47B2E,2EE768D813584F269EA965C2FCE360A1,uri://ed-fi.org/SourceSystemDescriptor#State
uri://tpdm.ed-fi.org,9F22914C-7A93-4CF6-83C1-850E1185B672,F3D86379-2BE8-48DB-A6B3-721BE7C6E282,2F8A397CD69948858685F3007511B0D6,uri://ed-fi.org/SourceSystemDescriptor#State
uri://tpdm.ed-fi.org,CB20860D-6202-4A1E-9009-6805F4F02B0C,A1D95518-9F74-4221-B1FA-9DB6F9F62977,302C9F36ACC64C018DFBDABF02796FD2,uri://ed-fi.org/SourceSystemDescriptor#State
uri://tpdm.ed-fi.org,CB20860D-6202-4A1E-9009-6805F4F02B0C,A31C60B6-36CF-4262-A52D-3D7C4BBEBFE3,302C9F36ACC64C018DFBDABF02796FD2,uri://ed-fi.org/SourceSystemDescriptor#State
uri://tpdm.ed-fi.org,9F22914C-7A93-4CF6-83C1-850E1185B672,891CA35E-2D1E-4E72-9708-687A6D9FE0C5,30AA4F51015745ECB6F13D4EBDD28988,uri://ed-fi.org/SourceSystemDescriptor#State
uri://tpdm.ed-fi.org,9F22914C-7A93-4CF6-83C1-850E1185B672,5815AD9B-58AC-41BF-AB77-CEFE13EBAECC,314DFB82254A44589F1422671BBAF560,uri://ed-fi.org/SourceSystemDescriptor#State
uri://tpdm.ed-fi.org,CB20860D-6202-4A1E-9009-6805F4F02B0C,FA8CFF5B-C48F-4195-9A86-CD5F3E4985E5,31752C907B9E4B91B7728EAA22FD8272,uri://ed-fi.org/SourceSystemDescriptor#State
uri://tpdm.ed-fi.org,8A028D4C-06C1-4653-B3A5-015A8B386EC7,E8EE82FC-B58E-414E-97E7-B49256FCC6F3,3349CBBE67F24CE583A372ED6D2EB289,uri://ed-fi.org/SourceSystemDescriptor#State
uri://tpdm.ed-fi.org,CB20860D-6202-4A1E-9009-6805F4F02B0C,438872A5-33F5-42ED-A5E1-C3EF4D15D0FE,3349CBBE67F24CE583A372ED6D2EB289,uri://ed-fi.org/SourceSystemDescriptor#State
uri://tpdm.ed-fi.org,CB20860D-6202-4A1E-9009-6805F4F02B0C,70D64D49-2C02-4F90-8F6D-67E2EF409C02,3349CBBE67F24CE583A372ED6D2EB289,uri://ed-fi.org/SourceSystemDescriptor#State
uri://tpdm.ed-fi.org,9F22914C-7A93-4CF6-83C1-850E1185B672,0DA598B1-F2DC-4CF3-9BA6-129B95DFD040,33AA89DF59F44EA7A1CC7690FB8EBB52,uri://ed-fi.org/SourceSystemDescriptor#State
uri://tpdm.ed-fi.org,CB20860D-6202-4A1E-9009-6805F4F02B0C,A7A03809-4093-47A4-8BB0-2E362C270EFD,34E0FA0EBC0847C394092BEDFAE832AA,uri://ed-fi.org/SourceSystemDescriptor#State
uri://tpdm.ed-fi.org,CB20860D-6202-4A1E-9009-6805F4F02B0C,DA526BCA-DF57-484C-A861-D68A9506DB81,34E0FA0EBC0847C394092BEDFAE832AA,uri://ed-fi.org/SourceSystemDescriptor#State
uri://tpdm.ed-fi.org,CB20860D-6202-4A1E-9009-6805F4F02B0C,66181A51-D361-407C-8EDE-FF9EA448667F,35C4B815281E4695805EB2419FFD5836,uri://ed-fi.org/SourceSystemDescriptor#State
uri://tpdm.ed-fi.org,9F22914C-7A93-4CF6-83C1-850E1185B672,6AE33A64-16F8-46B0-9A7B-C67623B713C2,361088D1991C42F09CFCA6F6D7374442,uri://ed-fi.org/SourceSystemDescriptor#State
uri://tpdm.ed-fi.org,9F22914C-7A93-4CF6-83C1-850E1185B672,663C88B3-C0C4-4BDB-BF7F-1E450801ACEC,36543F7B557B48D996EC70862D58D6E2,uri://ed-fi.org/SourceSystemDescriptor#State
uri://tpdm.ed-fi.org,CB20860D-6202-4A1E-9009-6805F4F02B0C,262BEBDE-04BA-4877-891D-D7B9322AC3F7,36543F7B557B48D996EC70862D58D6E2,uri://ed-fi.org/SourceSystemDescriptor#State
uri://tpdm.ed-fi.org,9F22914C-7A93-4CF6-83C1-850E1185B672,781413CB-4418-4B47-B6A7-FC21976F1744,367FFB3FA68C45738B7D708C7977E09A,uri://ed-fi.org/SourceSystemDescriptor#State
uri://tpdm.ed-fi.org,CB20860D-6202-4A1E-9009-6805F4F02B0C,A57A8078-59FB-470A-A860-1F2C6075BE66,367FFB3FA68C45738B7D708C7977E09A,uri://ed-fi.org/SourceSystemDescriptor#State
uri://tpdm.ed-fi.org,8A028D4C-06C1-4653-B3A5-015A8B386EC7,CC267120-8C92-485E-9193-89C293C61703,3687F71BEC444B1F84F127DAF51F6C41,uri://ed-fi.org/SourceSystemDescriptor#State
uri://tpdm.ed-fi.org,9F22914C-7A93-4CF6-83C1-850E1185B672,E24E9A75-ECEE-466B-8691-6989A0574C55,371FF1740E89458485308DC930171149,uri://ed-fi.org/SourceSystemDescriptor#State
uri://tpdm.ed-fi.org,CB20860D-6202-4A1E-9009-6805F4F02B0C,FAB615A9-B324-489A-B248-7DD2FE3D63A9,381D093677B74BCD80F315A387AE2139,uri://ed-fi.org/SourceSystemDescriptor#State
uri://tpdm.ed-fi.org,8A028D4C-06C1-4653-B3A5-015A8B386EC7,191C837A-3B06-461B-9940-059B92078517,3B72009792ED4A9683A21B1A22BC8CC6,uri://ed-fi.org/SourceSystemDescriptor#State
uri://tpdm.ed-fi.org,9F22914C-7A93-4CF6-83C1-850E1185B672,BA860194-29F8-4DD7-BC0C-83EF264EFFAB,3B8A0115B2E04883BAD30234E988CC6E,uri://ed-fi.org/SourceSystemDescriptor#State
uri://tpdm.ed-fi.org,8A028D4C-06C1-4653-B3A5-015A8B386EC7,859F163E-DC45-4417-B8D1-704D7BB1B7A5,3BB364745A1144BDACE70FF9DF8E18CC,uri://ed-fi.org/SourceSystemDescriptor#State
uri://tpdm.ed-fi.org,9F22914C-7A93-4CF6-83C1-850E1185B672,5D3024D1-EA95-407D-87DF-337880E0BAB8,3BB364745A1144BDACE70FF9DF8E18CC,uri://ed-fi.org/SourceSystemDescriptor#State
uri://tpdm.ed-fi.org,CB20860D-6202-4A1E-9009-6805F4F02B0C,C1B14D2A-BFB6-4AF7-81A0-CA5A4B9A0D6A,3D629B62E3124FB9A02E916B0085C7A1,uri://ed-fi.org/SourceSystemDescriptor#State
uri://tpdm.ed-fi.org,8A028D4C-06C1-4653-B3A5-015A8B386EC7,156A0FD7-A6E1-48D5-A284-CADEC7625CC1,3ECE8A3B58C147BD9461B1A71E37B301,uri://ed-fi.org/SourceSystemDescriptor#State
uri://tpdm.ed-fi.org,8A028D4C-06C1-4653-B3A5-015A8B386EC7,834329BF-13CA-45B4-B9C1-270B1183A512,3F8A5786F5C949ABA6A5665B5BA49B2C,uri://ed-fi.org/SourceSystemDescriptor#State
uri://tpdm.ed-fi.org,CB20860D-6202-4A1E-9009-6805F4F02B0C,999893AB-08EE-4B47-ADAF-EDAE71C8F616,3FE2E8F25A1E4DA68843792F115C23F7,uri://ed-fi.org/SourceSystemDescriptor#State
uri://tpdm.ed-fi.org,9F22914C-7A93-4CF6-83C1-850E1185B672,83D6CCEB-2CC4-472C-9338-020794C486CB,41D4D5EAC5084AFE807B40331A2FBAF2,uri://ed-fi.org/SourceSystemDescriptor#State
uri://tpdm.ed-fi.org,CB20860D-6202-4A1E-9009-6805F4F02B0C,6F0BE198-62AF-45A3-8B13-5BF1B9815009,4302DA973F0E4ADBA7A28FAD86738825,uri://ed-fi.org/SourceSystemDescriptor#State
uri://tpdm.ed-fi.org,CB20860D-6202-4A1E-9009-6805F4F02B0C,AE167AA9-2FB7-4C05-884E-196F33B91AB9,4302DA973F0E4ADBA7A28FAD86738825,uri://ed-fi.org/SourceSystemDescriptor#State
uri://tpdm.ed-fi.org,8A028D4C-06C1-4653-B3A5-015A8B386EC7,1D0A6EF4-86A5-4B37-B326-4DD9E617650A,435944C93F0241BC83E40680BD5D78F2,uri://ed-fi.org/SourceSystemDescriptor#State
uri://tpdm.ed-fi.org,9F22914C-7A93-4CF6-83C1-850E1185B672,CCD5A298-DC87-47EA-A8C8-C405CE5D3BA0,435944C93F0241BC83E40680BD5D78F2,uri://ed-fi.org/SourceSystemDescriptor#State
uri://tpdm.ed-fi.org,9F22914C-7A93-4CF6-83C1-850E1185B672,0351D9BD-7F5E-4AA5-9AA6-773F7E4B64E8,43F3E701DE454243997D173925391FAB,uri://ed-fi.org/SourceSystemDescriptor#State
uri://tpdm.ed-fi.org,9F22914C-7A93-4CF6-83C1-850E1185B672,CFF65110-9558-4D35-933B-E0FC1969D1DA,442ECC75E55C416C8976B0887566EFC8,uri://ed-fi.org/SourceSystemDescriptor#State
uri://tpdm.ed-fi.org,CB20860D-6202-4A1E-9009-6805F4F02B0C,9CEA2E28-5A32-48F2-8770-0EB782B76C03,450922C6525448AE88F251453F53EBF5,uri://ed-fi.org/SourceSystemDescriptor#State
uri://tpdm.ed-fi.org,CB20860D-6202-4A1E-9009-6805F4F02B0C,C142E400-F206-4E7D-A4E9-61A1ED5ACAE6,450922C6525448AE88F251453F53EBF5,uri://ed-fi.org/SourceSystemDescriptor#State
uri://tpdm.ed-fi.org,9F22914C-7A93-4CF6-83C1-850E1185B672,59D7EA30-A223-4D01-90D0-8647854FBBDF,4575C716125D451B8090AAD77003C87F,uri://ed-fi.org/SourceSystemDescriptor#State
uri://tpdm.ed-fi.org,CB20860D-6202-4A1E-9009-6805F4F02B0C,F800A55E-305F-4D65-AF7F-4AB9AD925E40,45792DF9DE424D7FB34F4898A418D245,uri://ed-fi.org/SourceSystemDescriptor#State
uri://tpdm.ed-fi.org,8A028D4C-06C1-4653-B3A5-015A8B386EC7,4E5F59FA-88D0-41C8-86DE-9137557DF6A3,458D88AEC8A045F192DE5C8BB99832E0,uri://ed-fi.org/SourceSystemDescriptor#State
uri://tpdm.ed-fi.org,CB20860D-6202-4A1E-9009-6805F4F02B0C,D64D2B9A-D944-4D15-B41F-7F168C16E16D,4774440CB41947AAA606F82B1A694090,uri://ed-fi.org/SourceSystemDescriptor#State
uri://tpdm.ed-fi.org,9F22914C-7A93-4CF6-83C1-850E1185B672,EEC97CAF-8E57-402E-BC45-CCB0486556B6,498D131E09964764A161254483AC45A4,uri://ed-fi.org/SourceSystemDescriptor#State
uri://tpdm.ed-fi.org,CB20860D-6202-4A1E-9009-6805F4F02B0C,4A82F0AB-9E0C-47D6-8DCF-DCD6E76672F4,49C7920ECE4D460AB4E69F32B78DD0BD,uri://ed-fi.org/SourceSystemDescriptor#State
uri://tpdm.ed-fi.org,CB20860D-6202-4A1E-9009-6805F4F02B0C,7B02D915-6B5C-4741-A2ED-65261E5C82F6,49C7920ECE4D460AB4E69F32B78DD0BD,uri://ed-fi.org/SourceSystemDescriptor#State
uri://tpdm.ed-fi.org,CB20860D-6202-4A1E-9009-6805F4F02B0C,7EBC5F8C-14EC-42FA-B772-F552329A2CC0,49C7920ECE4D460AB4E69F32B78DD0BD,uri://ed-fi.org/SourceSystemDescriptor#State
uri://tpdm.ed-fi.org,CB20860D-6202-4A1E-9009-6805F4F02B0C,92567955-10C4-4425-895D-A8FAF2EFDDE3,49C7920ECE4D460AB4E69F32B78DD0BD,uri://ed-fi.org/SourceSystemDescriptor#State
uri://tpdm.ed-fi.org,9F22914C-7A93-4CF6-83C1-850E1185B672,2E8BEA28-C029-4123-BF7E-5F499E40C7D9,4A61CA94D05A440D8BD0205862BEB784,uri://ed-fi.org/SourceSystemDescriptor#State
uri://tpdm.ed-fi.org,8A028D4C-06C1-4653-B3A5-015A8B386EC7,4D9E288A-2A30-4840-A10A-C437C29B77FC,4ACA424B8CDD4767933B6C27BDEDECC5,uri://ed-fi.org/SourceSystemDescriptor#State
uri://tpdm.ed-fi.org,8A028D4C-06C1-4653-B3A5-015A8B386EC7,BDAC1F34-26BD-4F2A-A310-522A92B0DB3C,4ACA424B8CDD4767933B6C27BDEDECC5,uri://ed-fi.org/SourceSystemDescriptor#State
uri://tpdm.ed-fi.org,9F22914C-7A93-4CF6-83C1-850E1185B672,2167D41A-707C-492D-8ABA-1C6359DA4DE2,4ACA424B8CDD4767933B6C27BDEDECC5,uri://ed-fi.org/SourceSystemDescriptor#State
uri://tpdm.ed-fi.org,CB20860D-6202-4A1E-9009-6805F4F02B0C,53DBEF03-B9DC-4C83-83EB-A8CB63ED90B2,4ACA424B8CDD4767933B6C27BDEDECC5,uri://ed-fi.org/SourceSystemDescriptor#State
uri://tpdm.ed-fi.org,CB20860D-6202-4A1E-9009-6805F4F02B0C,31BF5F18-770C-4671-8700-D8A79A2DBE6B,4AD6FB7F189B4340A3FB8CABAC6C6A1D,uri://ed-fi.org/SourceSystemDescriptor#State
uri://tpdm.ed-fi.org,CB20860D-6202-4A1E-9009-6805F4F02B0C,B73A85E2-DAE9-45AC-B061-B54264637552,4C3010F2EC164A6AB4C1C1F30EDB9294,uri://ed-fi.org/SourceSystemDescriptor#State
uri://tpdm.ed-fi.org,CB20860D-6202-4A1E-9009-6805F4F02B0C,E7A179A6-19BC-4DAB-BA62-DE52AB35916A,4C59B2AABEF64B77B136C386277F0A1D,uri://ed-fi.org/SourceSystemDescriptor#State
uri://tpdm.ed-fi.org,8A028D4C-06C1-4653-B3A5-015A8B386EC7,8EC89AB3-E665-43A0-AF35-A87C7AFBBA58,4CD44963F25044F09F2A6F90B58CF620,uri://ed-fi.org/SourceSystemDescriptor#State
uri://tpdm.ed-fi.org,CB20860D-6202-4A1E-9009-6805F4F02B0C,8F9EDE10-1A98-4864-9E90-ECA04AD82902,4DC78930EAC4467496C58A2271C1F571,uri://ed-fi.org/SourceSystemDescriptor#State
uri://tpdm.ed-fi.org,9F22914C-7A93-4CF6-83C1-850E1185B672,A92CA115-3FF6-42D9-B9B0-E8BFE1AE151B,4EE812F607CA4ADC8E9C7D37B3509D8C,uri://ed-fi.org/SourceSystemDescriptor#State
uri://tpdm.ed-fi.org,CB20860D-6202-4A1E-9009-6805F4F02B0C,60A73D23-F711-40DB-B7AF-FC46803A139E,4EE812F607CA4ADC8E9C7D37B3509D8C,uri://ed-fi.org/SourceSystemDescriptor#State
uri://tpdm.ed-fi.org,CB20860D-6202-4A1E-9009-6805F4F02B0C,BBDC4B8F-A226-45BB-89DB-66503A34BD43,4EE812F607CA4ADC8E9C7D37B3509D8C,uri://ed-fi.org/SourceSystemDescriptor#State
uri://tpdm.ed-fi.org,8A028D4C-06C1-4653-B3A5-015A8B386EC7,044E07EE-5BD5-4A6D-A1C0-EBD6EB968D2E,4F9BFA5669B047A1AB82E0F167400E0E,uri://ed-fi.org/SourceSystemDescriptor#State
uri://tpdm.ed-fi.org,8A028D4C-06C1-4653-B3A5-015A8B386EC7,D3FA3C93-1933-472A-A6DB-920936665A39,5132B182EE7949BDA4765111F7A5537C,uri://ed-fi.org/SourceSystemDescriptor#State
uri://tpdm.ed-fi.org,9F22914C-7A93-4CF6-83C1-850E1185B672,8A46C8D0-1850-4007-92ED-67A4FB2CA37A,5132B182EE7949BDA4765111F7A5537C,uri://ed-fi.org/SourceSystemDescriptor#State
uri://tpdm.ed-fi.org,CB20860D-6202-4A1E-9009-6805F4F02B0C,6A4EA6FD-5516-4708-B5A0-7154BFC65FD0,515EEBF6CFBA4006B73054E101D07680,uri://ed-fi.org/SourceSystemDescriptor#State
uri://tpdm.ed-fi.org,CB20860D-6202-4A1E-9009-6805F4F02B0C,E5AFBD20-849A-4500-A8E7-C684C7BD7E3C,515EEBF6CFBA4006B73054E101D07680,uri://ed-fi.org/SourceSystemDescriptor#State
uri://tpdm.ed-fi.org,8A028D4C-06C1-4653-B3A5-015A8B386EC7,7AE34F9A-23FA-41A0-8301-2E349AB5BB17,51AED28ED7844DC4AD4866BE5B10816E,uri://ed-fi.org/SourceSystemDescriptor#State
uri://tpdm.ed-fi.org,8A028D4C-06C1-4653-B3A5-015A8B386EC7,CA349DF8-B331-4647-AE0D-07C7749C1049,52AA76C4250A4BF198BAEB6AC5854D3E,uri://ed-fi.org/SourceSystemDescriptor#State
uri://tpdm.ed-fi.org,9F22914C-7A93-4CF6-83C1-850E1185B672,15367E02-5DDC-4F8E-B7C9-205A14D92B5D,52AA76C4250A4BF198BAEB6AC5854D3E,uri://ed-fi.org/SourceSystemDescriptor#State
uri://tpdm.ed-fi.org,9F22914C-7A93-4CF6-83C1-850E1185B672,2EA969F6-E61C-4F27-9CE9-117D34C97412,52AA76C4250A4BF198BAEB6AC5854D3E,uri://ed-fi.org/SourceSystemDescriptor#State
uri://tpdm.ed-fi.org,CB20860D-6202-4A1E-9009-6805F4F02B0C,567EE82F-B003-44EF-A70D-862018B46445,55F1B841F944461C902FAD3F62AE488A,uri://ed-fi.org/SourceSystemDescriptor#State
uri://tpdm.ed-fi.org,8A028D4C-06C1-4653-B3A5-015A8B386EC7,1AABBD63-826A-4EE9-8B5A-BEE0846ACE07,56E0FC1EAD5E46DEB81AB09DC4C58995,uri://ed-fi.org/SourceSystemDescriptor#State
uri://tpdm.ed-fi.org,9F22914C-7A93-4CF6-83C1-850E1185B672,B99395DC-19AA-43E9-9FED-78E7EF9C6758,56E0FC1EAD5E46DEB81AB09DC4C58995,uri://ed-fi.org/SourceSystemDescriptor#State
uri://tpdm.ed-fi.org,CB20860D-6202-4A1E-9009-6805F4F02B0C,7E3C887F-29AD-4CC1-A5BB-D0FE729D81AA,56E0FC1EAD5E46DEB81AB09DC4C58995,uri://ed-fi.org/SourceSystemDescriptor#State
uri://tpdm.ed-fi.org,CB20860D-6202-4A1E-9009-6805F4F02B0C,831BC612-F234-4F5B-BB74-DEA012276CA2,56E0FC1EAD5E46DEB81AB09DC4C58995,uri://ed-fi.org/SourceSystemDescriptor#State
uri://tpdm.ed-fi.org,CB20860D-6202-4A1E-9009-6805F4F02B0C,2991B1A5-A41D-40A3-B79F-4FB68F5DFB4A,575B1A62FA1C4500AF5BA5C5F1E5FB7D,uri://ed-fi.org/SourceSystemDescriptor#State
uri://tpdm.ed-fi.org,8A028D4C-06C1-4653-B3A5-015A8B386EC7,1322A3C7-1EF8-4C71-B07C-FD02DEAFD997,5AE6B81E31BC4BC2A2356A0428FCC75A,uri://ed-fi.org/SourceSystemDescriptor#State
uri://tpdm.ed-fi.org,9F22914C-7A93-4CF6-83C1-850E1185B672,8AB1E502-9DE0-4AC6-87B4-171E097565C8,5AE6B81E31BC4BC2A2356A0428FCC75A,uri://ed-fi.org/SourceSystemDescriptor#State
uri://tpdm.ed-fi.org,CB20860D-6202-4A1E-9009-6805F4F02B0C,0F6AD449-A15C-47AF-A5D6-AF3B9EFEC6C8,5AE6B81E31BC4BC2A2356A0428FCC75A,uri://ed-fi.org/SourceSystemDescriptor#State
uri://tpdm.ed-fi.org,8A028D4C-06C1-4653-B3A5-015A8B386EC7,5EE964CC-F04A-43D5-88F7-FF13466245AC,5C023002A36D41D0B88C90753FD8465B,uri://ed-fi.org/SourceSystemDescriptor#State
uri://tpdm.ed-fi.org,8A028D4C-06C1-4653-B3A5-015A8B386EC7,6B74C266-EE4D-4BD1-AF14-E95374D7BD14,5C023002A36D41D0B88C90753FD8465B,uri://ed-fi.org/SourceSystemDescriptor#State
uri://tpdm.ed-fi.org,8A028D4C-06C1-4653-B3A5-015A8B386EC7,8DBD92B2-B85B-47C1-A606-F2FBD526606B,5C023002A36D41D0B88C90753FD8465B,uri://ed-fi.org/SourceSystemDescriptor#State
uri://tpdm.ed-fi.org,CB20860D-6202-4A1E-9009-6805F4F02B0C,DA5FFE50-88DD-406F-B696-62A335799A79,5C023002A36D41D0B88C90753FD8465B,uri://ed-fi.org/SourceSystemDescriptor#State
uri://tpdm.ed-fi.org,CB20860D-6202-4A1E-9009-6805F4F02B0C,64BE0351-30C2-4F9D-81F5-40C1B279462C,5C40AE57C63B4543A84E0744522D70D4,uri://ed-fi.org/SourceSystemDescriptor#State
uri://tpdm.ed-fi.org,9F22914C-7A93-4CF6-83C1-850E1185B672,967D76D2-A0BE-4581-BF7A-B5C9230F6349,5C55D35098BA4797893F8B237DFF9B2E,uri://ed-fi.org/SourceSystemDescriptor#State
uri://tpdm.ed-fi.org,8A028D4C-06C1-4653-B3A5-015A8B386EC7,164AE667-216D-4BE4-A070-003F181AC4DC,5CD772E34DBD4EDF9BCCBA4C951E843F,uri://ed-fi.org/SourceSystemDescriptor#State
uri://tpdm.ed-fi.org,9F22914C-7A93-4CF6-83C1-850E1185B672,36866E82-83DD-4E12-890F-31D6EC23A6E3,5DC08680D9204C2D9A84463767B5DB35,uri://ed-fi.org/SourceSystemDescriptor#State
uri://tpdm.ed-fi.org,CB20860D-6202-4A1E-9009-6805F4F02B0C,6CD29D9B-1617-4F66-8F42-57B0A6DDB939,5DC08680D9204C2D9A84463767B5DB35,uri://ed-fi.org/SourceSystemDescriptor#State
uri://tpdm.ed-fi.org,8A028D4C-06C1-4653-B3A5-015A8B386EC7,8D9FEE73-AED4-472B-BA32-9B98206A2875,5F2559EE08A441D1BAC731F9E1F2A4D5,uri://ed-fi.org/SourceSystemDescriptor#State
uri://tpdm.ed-fi.org,8A028D4C-06C1-4653-B3A5-015A8B386EC7,A7DCC124-B151-4774-AB2F-341DA90F397E,5F2559EE08A441D1BAC731F9E1F2A4D5,uri://ed-fi.org/SourceSystemDescriptor#State
uri://tpdm.ed-fi.org,9F22914C-7A93-4CF6-83C1-850E1185B672,EC54F068-78AD-4169-A5CB-8A348273AEE5,5F2559EE08A441D1BAC731F9E1F2A4D5,uri://ed-fi.org/SourceSystemDescriptor#State
uri://tpdm.ed-fi.org,CB20860D-6202-4A1E-9009-6805F4F02B0C,8B01F374-C43C-4634-BA27-19F954288422,5F2559EE08A441D1BAC731F9E1F2A4D5,uri://ed-fi.org/SourceSystemDescriptor#State
uri://tpdm.ed-fi.org,CB20860D-6202-4A1E-9009-6805F4F02B0C,2C9D287D-06A5-4E68-A542-339566D1A637,61BB8DD614D8498581E02600A1AF748C,uri://ed-fi.org/SourceSystemDescriptor#State
uri://tpdm.ed-fi.org,8A028D4C-06C1-4653-B3A5-015A8B386EC7,D84C1A40-C825-4841-B92C-8523754F7E58,623FC63E849B4800BA3F18F1DFDA8CAB,uri://ed-fi.org/SourceSystemDescriptor#State
uri://tpdm.ed-fi.org,8A028D4C-06C1-4653-B3A5-015A8B386EC7,2389B897-1BAA-45E3-9A48-2B56AFA23B22,62A550ABA2D4415FA08B437B3C9DD620,uri://ed-fi.org/SourceSystemDescriptor#State
uri://tpdm.ed-fi.org,9F22914C-7A93-4CF6-83C1-850E1185B672,88B957CE-8D21-4482-B5DD-95A3347D854D,62A550ABA2D4415FA08B437B3C9DD620,uri://ed-fi.org/SourceSystemDescriptor#State
uri://tpdm.ed-fi.org,9F22914C-7A93-4CF6-83C1-850E1185B672,F5134909-383A-478D-8CB9-81B11304A550,62A550ABA2D4415FA08B437B3C9DD620,uri://ed-fi.org/SourceSystemDescriptor#State
uri://tpdm.ed-fi.org,8A028D4C-06C1-4653-B3A5-015A8B386EC7,BE00E4C5-1C19-4F55-9773-9E6087B9B76F,62AAF2BB68D94B77AD6D62659456C33A,uri://ed-fi.org/SourceSystemDescriptor#State
uri://tpdm.ed-fi.org,8A028D4C-06C1-4653-B3A5-015A8B386EC7,1B9C05D9-2230-46B6-A7EE-42E092D5E031,62C7399EB64B4A65BE754AAC8AF6F41C,uri://ed-fi.org/SourceSystemDescriptor#State
uri://tpdm.ed-fi.org,8A028D4C-06C1-4653-B3A5-015A8B386EC7,C381C661-2AE1-4ED4-BAB9-51796240487B,62DD8379546B4B86899D90BA31742C2F,uri://ed-fi.org/SourceSystemDescriptor#State
uri://tpdm.ed-fi.org,CB20860D-6202-4A1E-9009-6805F4F02B0C,40174AA3-AA77-4833-8678-A77011A722BE,6339449C38D34F02A269F6F1F4E9849A,uri://ed-fi.org/SourceSystemDescriptor#State
uri://tpdm.ed-fi.org,CB20860D-6202-4A1E-9009-6805F4F02B0C,CEAFD7C3-8DAB-4402-9564-CABFA8032F62,6339449C38D34F02A269F6F1F4E9849A,uri://ed-fi.org/SourceSystemDescriptor#State
uri://tpdm.ed-fi.org,CB20860D-6202-4A1E-9009-6805F4F02B0C,0B1702AB-BB05-4391-91FD-3C759D011A8D,639DF7AF235C4BF18B9C25E0CE13590D,uri://ed-fi.org/SourceSystemDescriptor#State
uri://tpdm.ed-fi.org,8A028D4C-06C1-4653-B3A5-015A8B386EC7,28589F3D-E7E9-43B4-8105-A89BE025F137,64517344913548E88338C4B547304CAA,uri://ed-fi.org/SourceSystemDescriptor#State
uri://tpdm.ed-fi.org,9F22914C-7A93-4CF6-83C1-850E1185B672,E67E882A-91F1-441F-B607-6FB13897AA9E,657E55D701A445D9986646B15AE9EB62,uri://ed-fi.org/SourceSystemDescriptor#State
uri://tpdm.ed-fi.org,CB20860D-6202-4A1E-9009-6805F4F02B0C,389EEB52-3511-4C2D-BC5C-F0E545E4C6B8,657E55D701A445D9986646B15AE9EB62,uri://ed-fi.org/SourceSystemDescriptor#State
uri://tpdm.ed-fi.org,9F22914C-7A93-4CF6-83C1-850E1185B672,43C83C46-AC5D-4F72-9DD3-4D7529C9FD0E,65C6821073964E63954F5C813BAB8FC1,uri://ed-fi.org/SourceSystemDescriptor#State
uri://tpdm.ed-fi.org,9F22914C-7A93-4CF6-83C1-850E1185B672,5F8727B4-6C36-4DE3-9585-68361CF237A3,65C6821073964E63954F5C813BAB8FC1,uri://ed-fi.org/SourceSystemDescriptor#State
uri://tpdm.ed-fi.org,8A028D4C-06C1-4653-B3A5-015A8B386EC7,17B8B93A-41E2-4AD3-8C30-C3A3C0301331,672BBE6D438548D3B790E854B4D0A2E0,uri://ed-fi.org/SourceSystemDescriptor#State
uri://tpdm.ed-fi.org,8A028D4C-06C1-4653-B3A5-015A8B386EC7,FDAB00CB-B5EC-4A98-8324-70EEFB107219,673F2CC69A6E4F29B0333FCA01AD491A,uri://ed-fi.org/SourceSystemDescriptor#State
uri://tpdm.ed-fi.org,9F22914C-7A93-4CF6-83C1-850E1185B672,212CA5D5-B24A-42B2-B0CB-BDB3226B56BE,678A4290937B436987E89FDBCE5F1BF1,uri://ed-fi.org/SourceSystemDescriptor#State
uri://tpdm.ed-fi.org,9F22914C-7A93-4CF6-83C1-850E1185B672,45968BBD-1FD0-4D84-825A-838EE4AA8F86,683BC60504404E7E823A96728F1C384C,uri://ed-fi.org/SourceSystemDescriptor#State
uri://tpdm.ed-fi.org,9F22914C-7A93-4CF6-83C1-850E1185B672,ED5E987C-E6E9-461E-BCED-71501D7E2997,6856C08E070E45EBB34C004D0E0EA914,uri://ed-fi.org/SourceSystemDescriptor#State
uri://tpdm.ed-fi.org,CB20860D-6202-4A1E-9009-6805F4F02B0C,C7CBC266-4329-4338-B249-04E3FE79C5F6,6856C08E070E45EBB34C004D0E0EA914,uri://ed-fi.org/SourceSystemDescriptor#State
uri://tpdm.ed-fi.org,8A028D4C-06C1-4653-B3A5-015A8B386EC7,4473CE7E-9B0A-4A9F-9F1C-1A8FC5D932F1,68FAEE8D3B144AD6B11478345696CC08,uri://ed-fi.org/SourceSystemDescriptor#State
uri://tpdm.ed-fi.org,9F22914C-7A93-4CF6-83C1-850E1185B672,885B4199-3138-4FF9-B8E2-B9F537037ECA,6A2DC6C1FDB94556B36C19E0F08B4B54,uri://ed-fi.org/SourceSystemDescriptor#State
uri://tpdm.ed-fi.org,8A028D4C-06C1-4653-B3A5-015A8B386EC7,2D32DDD6-B8D8-4903-B096-C06AF1D00008,6AAEA84FA30545B68E0EB52BA330A7F6,uri://ed-fi.org/SourceSystemDescriptor#State
uri://tpdm.ed-fi.org,CB20860D-6202-4A1E-9009-6805F4F02B0C,7BB1A30E-E659-42EC-B639-B8AEB2270959,6AAEA84FA30545B68E0EB52BA330A7F6,uri://ed-fi.org/SourceSystemDescriptor#State
uri://tpdm.ed-fi.org,8A028D4C-06C1-4653-B3A5-015A8B386EC7,28A0EFC3-B25C-4949-891A-B2C5FD8ED1B3,6B21278C16554D3E8DB6CB17DED376BA,uri://ed-fi.org/SourceSystemDescriptor#State
uri://tpdm.ed-fi.org,8A028D4C-06C1-4653-B3A5-015A8B386EC7,3A334604-AD72-4948-96F9-811FD8BC519C,6BC5A62ECFF3469FA668B59244249997,uri://ed-fi.org/SourceSystemDescriptor#State
uri://tpdm.ed-fi.org,8A028D4C-06C1-4653-B3A5-015A8B386EC7,B66029D0-2BE8-4F2F-9BC2-5CB62B57C857,6C0F4071C8A447E4A2892DBD865CA349,uri://ed-fi.org/SourceSystemDescriptor#State
uri://tpdm.ed-fi.org,8A028D4C-06C1-4653-B3A5-015A8B386EC7,4D82B3A2-B456-40BC-89E1-4F570FDA9DA4,6C12CB1C4D5D44D1AD625F198A112DED,uri://ed-fi.org/SourceSystemDescriptor#State
uri://tpdm.ed-fi.org,9F22914C-7A93-4CF6-83C1-850E1185B672,D9C4396E-4BBF-484F-94F7-4655232F6449,6C954056F3434CEDBCAE3B7818F40EE6,uri://ed-fi.org/SourceSystemDescriptor#State
uri://tpdm.ed-fi.org,CB20860D-6202-4A1E-9009-6805F4F02B0C,B10AAF82-9B1F-424A-8677-8D718EC4E34B,6C954056F3434CEDBCAE3B7818F40EE6,uri://ed-fi.org/SourceSystemDescriptor#State
uri://tpdm.ed-fi.org,9F22914C-7A93-4CF6-83C1-850E1185B672,BD02C40E-653F-453D-AED6-16388DC8F77C,6DD74FAA27634FCE81AFD5DD6DAB1CCD,uri://ed-fi.org/SourceSystemDescriptor#State
uri://tpdm.ed-fi.org,CB20860D-6202-4A1E-9009-6805F4F02B0C,C4985C38-FC16-42AC-B31D-4ED7E118BE76,6DE52DDF0699413D849C950DB43C3BC9,uri://ed-fi.org/SourceSystemDescriptor#State
uri://tpdm.ed-fi.org,CB20860D-6202-4A1E-9009-6805F4F02B0C,07DA5389-37A0-4CBE-B06E-B268989F874B,6F0E39C0173D4651A066DCE9852CEA0A,uri://ed-fi.org/SourceSystemDescriptor#State
uri://tpdm.ed-fi.org,CB20860D-6202-4A1E-9009-6805F4F02B0C,42DE8ADA-E986-4056-918D-0BD681C273B8,6FC95B693AFC4214BE039BDB377D8698,uri://ed-fi.org/SourceSystemDescriptor#State
uri://tpdm.ed-fi.org,9F22914C-7A93-4CF6-83C1-850E1185B672,237EF9F5-C39E-445A-A159-A9DAC9CAFE5A,72119F1FD0F24ABFB72C1D6E3AD08AF6,uri://ed-fi.org/SourceSystemDescriptor#State
uri://tpdm.ed-fi.org,9F22914C-7A93-4CF6-83C1-850E1185B672,44C03A82-D559-4D76-8FAA-AC5EC636CD6F,72119F1FD0F24ABFB72C1D6E3AD08AF6,uri://ed-fi.org/SourceSystemDescriptor#State
uri://tpdm.ed-fi.org,8A028D4C-06C1-4653-B3A5-015A8B386EC7,8F8986AE-437B-484A-9141-0DA0B36B90A6,72D8C0BCEFB443D58FBCD66A2AD849FB,uri://ed-fi.org/SourceSystemDescriptor#State
uri://tpdm.ed-fi.org,9F22914C-7A93-4CF6-83C1-850E1185B672,4164529A-67A0-4A4C-91D7-9DB852A9BE8F,72D8C0BCEFB443D58FBCD66A2AD849FB,uri://ed-fi.org/SourceSystemDescriptor#State
uri://tpdm.ed-fi.org,9F22914C-7A93-4CF6-83C1-850E1185B672,550FD50D-FF8E-4C65-A057-10015FAFA219,72D8C0BCEFB443D58FBCD66A2AD849FB,uri://ed-fi.org/SourceSystemDescriptor#State
uri://tpdm.ed-fi.org,CB20860D-6202-4A1E-9009-6805F4F02B0C,4EFCFCA7-3E09-48A6-B8D0-36608361521C,72D8C0BCEFB443D58FBCD66A2AD849FB,uri://ed-fi.org/SourceSystemDescriptor#State
uri://tpdm.ed-fi.org,8A028D4C-06C1-4653-B3A5-015A8B386EC7,74F1702F-5BE5-4DC0-8CE8-53BA3CF039C9,73A694F518584C0C8229933E9C9893F5,uri://ed-fi.org/SourceSystemDescriptor#State
uri://tpdm.ed-fi.org,8A028D4C-06C1-4653-B3A5-015A8B386EC7,776AF177-81E4-4CAD-8BA7-9A71076BBEAE,74D39CBFEA3047449CC4D41DB07CF22C,uri://ed-fi.org/SourceSystemDescriptor#State
uri://tpdm.ed-fi.org,9F22914C-7A93-4CF6-83C1-850E1185B672,CDA04669-DDB9-430B-85C4-44FA7187FD57,74D39CBFEA3047449CC4D41DB07CF22C,uri://ed-fi.org/SourceSystemDescriptor#State
uri://tpdm.ed-fi.org,8A028D4C-06C1-4653-B3A5-015A8B386EC7,A79005EA-3DC2-4652-A2A8-768748D6C68D,771F2579DAD54A9E993E57649456D19E,uri://ed-fi.org/SourceSystemDescriptor#State
uri://tpdm.ed-fi.org,8A028D4C-06C1-4653-B3A5-015A8B386EC7,35357293-3C38-4085-85C9-A2785EB97E70,781A3952161044738B6EA8BCB9E31D54,uri://ed-fi.org/SourceSystemDescriptor#State
uri://tpdm.ed-fi.org,CB20860D-6202-4A1E-9009-6805F4F02B0C,320D2805-2698-4BCF-BC33-7365F704E234,7A0BAC79FBCF4216BEBE6C8B214051ED,uri://ed-fi.org/SourceSystemDescriptor#State
uri://tpdm.ed-fi.org,CB20860D-6202-4A1E-9009-6805F4F02B0C,F6D943A5-1FAF-45E6-AB1D-DD15D5247E01,7A857D0797544D6FAFF1AA3AD019AC32,uri://ed-fi.org/SourceSystemDescriptor#State
uri://tpdm.ed-fi.org,CB20860D-6202-4A1E-9009-6805F4F02B0C,6E734883-FBC7-4EB9-8304-0CD4F557D152,7B723F786A2844EB89310DC03627C4EA,uri://ed-fi.org/SourceSystemDescriptor#State
uri://tpdm.ed-fi.org,8A028D4C-06C1-4653-B3A5-015A8B386EC7,CC77EB16-3BF0-4216-9BDF-3F98B0CEC6FA,7B8B8D753E6B4D6E8D1CDA858F9681EA,uri://ed-fi.org/SourceSystemDescriptor#State
uri://tpdm.ed-fi.org,8A028D4C-06C1-4653-B3A5-015A8B386EC7,99559C80-922C-4AE6-AE8C-589DE481AD55,7C8B2AD57CA741AB951E3951C74DDCF6,uri://ed-fi.org/SourceSystemDescriptor#State
uri://tpdm.ed-fi.org,9F22914C-7A93-4CF6-83C1-850E1185B672,5FF51083-B8EC-45D8-B03B-CA07CF1FA61E,7CDE038A661A4A55B0EA2F8E8973C8FE,uri://ed-fi.org/SourceSystemDescriptor#State
uri://tpdm.ed-fi.org,9F22914C-7A93-4CF6-83C1-850E1185B672,B9FF3367-3DA1-4F67-ABF4-321F5B6ED433,7CDE038A661A4A55B0EA2F8E8973C8FE,uri://ed-fi.org/SourceSystemDescriptor#State
uri://tpdm.ed-fi.org,CB20860D-6202-4A1E-9009-6805F4F02B0C,09D3F039-F34F-45DE-BA59-853FE499F163,7CDE038A661A4A55B0EA2F8E8973C8FE,uri://ed-fi.org/SourceSystemDescriptor#State
uri://tpdm.ed-fi.org,8A028D4C-06C1-4653-B3A5-015A8B386EC7,6DE660F0-7656-4D86-A171-BF5535B4EDDC,7E7271D648D44D7E9EE13E268CCDBECC,uri://ed-fi.org/SourceSystemDescriptor#State
uri://tpdm.ed-fi.org,9F22914C-7A93-4CF6-83C1-850E1185B672,A9C00922-6DDF-4AD4-8853-6E852FB23163,7E7271D648D44D7E9EE13E268CCDBECC,uri://ed-fi.org/SourceSystemDescriptor#State
uri://tpdm.ed-fi.org,8A028D4C-06C1-4653-B3A5-015A8B386EC7,6AFA85F7-FC66-41BA-9A4D-AE5A7EC3A4F9,7FF1E68675384BD685B450F2BF9B9EC2,uri://ed-fi.org/SourceSystemDescriptor#State
uri://tpdm.ed-fi.org,CB20860D-6202-4A1E-9009-6805F4F02B0C,22FFBE70-5681-476A-AA49-41EEC8AA7E30,8086CC5AF92943D88F25AD3CDEA49BA2,uri://ed-fi.org/SourceSystemDescriptor#State
uri://tpdm.ed-fi.org,CB20860D-6202-4A1E-9009-6805F4F02B0C,4AE911C6-DD10-4D51-BE85-9260578E2F19,838B889958F948AF8ACF28671AFE9DF6,uri://ed-fi.org/SourceSystemDescriptor#State
uri://tpdm.ed-fi.org,8A028D4C-06C1-4653-B3A5-015A8B386EC7,FAA98EE2-673B-441E-A6E7-483519C82DE1,84C5519A0DB54BA586DE5CAAC3DEFB10,uri://ed-fi.org/SourceSystemDescriptor#State
uri://tpdm.ed-fi.org,CB20860D-6202-4A1E-9009-6805F4F02B0C,991A6EFB-A7A1-470E-8796-5983C269A087,85D26547A4D444569FA32F3F4BF5BA02,uri://ed-fi.org/SourceSystemDescriptor#State
uri://tpdm.ed-fi.org,CB20860D-6202-4A1E-9009-6805F4F02B0C,DAC539FB-5F36-4743-B006-B37E1282943E,85D26547A4D444569FA32F3F4BF5BA02,uri://ed-fi.org/SourceSystemDescriptor#State
uri://tpdm.ed-fi.org,8A028D4C-06C1-4653-B3A5-015A8B386EC7,E6599975-FAB9-4864-8571-84B3C0D2E90C,86848EA4F4A74F48878993D4F26A9E3F,uri://ed-fi.org/SourceSystemDescriptor#State
uri://tpdm.ed-fi.org,CB20860D-6202-4A1E-9009-6805F4F02B0C,812A0F22-32B6-4FC0-BDAF-563E5E9B4087,87F63623A9B7407D92C28CBC97F399C8,uri://ed-fi.org/SourceSystemDescriptor#State
uri://tpdm.ed-fi.org,8A028D4C-06C1-4653-B3A5-015A8B386EC7,6D2C4503-57F6-4F26-8B87-ABCA8017DECC,88582E6FFC594AEDB9189B229118B417,uri://ed-fi.org/SourceSystemDescriptor#State
uri://tpdm.ed-fi.org,9F22914C-7A93-4CF6-83C1-850E1185B672,DDEA5EC4-6BC0-44D6-99EC-93394CD694FA,88582E6FFC594AEDB9189B229118B417,uri://ed-fi.org/SourceSystemDescriptor#State
uri://tpdm.ed-fi.org,8A028D4C-06C1-4653-B3A5-015A8B386EC7,4FD4A4F2-ADED-49A2-8255-50C5901A9B78,887E06695BB94C87B06607E338584662,uri://ed-fi.org/SourceSystemDescriptor#State
uri://tpdm.ed-fi.org,8A028D4C-06C1-4653-B3A5-015A8B386EC7,A7340791-E8A2-458B-9DC4-0339ADFB2089,88A3403FB87A4C1BBBEE0B724FA0CDB7,uri://ed-fi.org/SourceSystemDescriptor#State
uri://tpdm.ed-fi.org,CB20860D-6202-4A1E-9009-6805F4F02B0C,04C98F75-DE10-4481-A2D5-ECD499EEEC74,88A3403FB87A4C1BBBEE0B724FA0CDB7,uri://ed-fi.org/SourceSystemDescriptor#State
uri://tpdm.ed-fi.org,CB20860D-6202-4A1E-9009-6805F4F02B0C,07338A3F-AB12-420C-9809-A7DD8F1173E6,8B9CA84D86D24C5BA0B370A24EC5F2BA,uri://ed-fi.org/SourceSystemDescriptor#State
uri://tpdm.ed-fi.org,CB20860D-6202-4A1E-9009-6805F4F02B0C,C8AF6B12-D09D-4898-94C1-708E53302546,8B9CA84D86D24C5BA0B370A24EC5F2BA,uri://ed-fi.org/SourceSystemDescriptor#State
uri://tpdm.ed-fi.org,9F22914C-7A93-4CF6-83C1-850E1185B672,18AEED42-6C33-4424-A72E-B569A98C70BE,8BD7FB0383B542DCBFAB6AB7F2D3D309,uri://ed-fi.org/SourceSystemDescriptor#State
uri://tpdm.ed-fi.org,8A028D4C-06C1-4653-B3A5-015A8B386EC7,D5F9DC72-DA4F-45C7-989D-D4A998A79D07,8CC40432566640148096AFFA776C2F3E,uri://ed-fi.org/SourceSystemDescriptor#State
uri://tpdm.ed-fi.org,9F22914C-7A93-4CF6-83C1-850E1185B672,35D79820-C126-42DC-96DF-A6B7CB96BB9F,8CC40432566640148096AFFA776C2F3E,uri://ed-fi.org/SourceSystemDescriptor#State
uri://tpdm.ed-fi.org,9F22914C-7A93-4CF6-83C1-850E1185B672,EA83AE7F-260C-4B35-8D7D-57A6A7BBB43D,8CC40432566640148096AFFA776C2F3E,uri://ed-fi.org/SourceSystemDescriptor#State
uri://tpdm.ed-fi.org,8A028D4C-06C1-4653-B3A5-015A8B386EC7,C44A2BC0-0609-41F1-88E7-26A683FCBBB7,8E94F62AAA6A4C6E9B889874E61D939E,uri://ed-fi.org/SourceSystemDescriptor#State
uri://tpdm.ed-fi.org,CB20860D-6202-4A1E-9009-6805F4F02B0C,3E4A4E70-2620-4130-8F11-CE3A4600ACEF,8E94F62AAA6A4C6E9B889874E61D939E,uri://ed-fi.org/SourceSystemDescriptor#State
uri://tpdm.ed-fi.org,CB20860D-6202-4A1E-9009-6805F4F02B0C,AC883237-949B-432D-B306-B0C5753EABD6,8F3E1CC66A0646A89675B946C910DF70,uri://ed-fi.org/SourceSystemDescriptor#State
uri://tpdm.ed-fi.org,8A028D4C-06C1-4653-B3A5-015A8B386EC7,1AFBB63B-3530-4D89-AD30-8D543EE59C7A,8F7BA60B7C1343B4BB2BA29D4D0B4951,uri://ed-fi.org/SourceSystemDescriptor#State
uri://tpdm.ed-fi.org,9F22914C-7A93-4CF6-83C1-850E1185B672,E25E5962-7002-4BC4-88AF-F4517A3161BC,8F88E10585D14A1D89B37D355F9F232E,uri://ed-fi.org/SourceSystemDescriptor#State
uri://tpdm.ed-fi.org,9F22914C-7A93-4CF6-83C1-850E1185B672,3385AF3F-4C93-4C68-A529-25AAB2E843A7,902E0F04BF634D4F8E2266982B69D607,uri://ed-fi.org/SourceSystemDescriptor#State
uri://tpdm.ed-fi.org,9F22914C-7A93-4CF6-83C1-850E1185B672,3359EB09-2562-4438-A1E7-4CC8561DF3A7,93008709C98642858FE20E58BE7967FD,uri://ed-fi.org/SourceSystemDescriptor#State
uri://tpdm.ed-fi.org,CB20860D-6202-4A1E-9009-6805F4F02B0C,9FB46285-E4FA-45B4-89A7-FE60A1E6E541,93008709C98642858FE20E58BE7967FD,uri://ed-fi.org/SourceSystemDescriptor#State
uri://tpdm.ed-fi.org,8A028D4C-06C1-4653-B3A5-015A8B386EC7,60105511-4F89-45BD-A367-390B1E4149FC,93DEE255BA6048E7A9AB0ACFA73DB16D,uri://ed-fi.org/SourceSystemDescriptor#State
uri://tpdm.ed-fi.org,CB20860D-6202-4A1E-9009-6805F4F02B0C,10E406A3-5A63-4CFA-BCB3-D2F1F1982307,93DEE255BA6048E7A9AB0ACFA73DB16D,uri://ed-fi.org/SourceSystemDescriptor#State
uri://tpdm.ed-fi.org,CB20860D-6202-4A1E-9009-6805F4F02B0C,1919BE00-8EB5-4CC6-B41E-D43733BCE0B7,943522A0384F46CE89603666188E4E29,uri://ed-fi.org/SourceSystemDescriptor#State
uri://tpdm.ed-fi.org,CB20860D-6202-4A1E-9009-6805F4F02B0C,23905F68-CB17-402E-980B-A9165016A7CF,943522A0384F46CE89603666188E4E29,uri://ed-fi.org/SourceSystemDescriptor#State
uri://tpdm.ed-fi.org,8A028D4C-06C1-4653-B3A5-015A8B386EC7,B4760358-93BD-4AF6-A2AF-E1ED36137D1A,950D1A5DFAD4494685D3A380AC3EB7BF,uri://ed-fi.org/SourceSystemDescriptor#State
uri://tpdm.ed-fi.org,8A028D4C-06C1-4653-B3A5-015A8B386EC7,EFD9BFCE-F1A9-4B4D-B3F9-E0170D0392BF,950D1A5DFAD4494685D3A380AC3EB7BF,uri://ed-fi.org/SourceSystemDescriptor#State
uri://tpdm.ed-fi.org,CB20860D-6202-4A1E-9009-6805F4F02B0C,30117C4A-A7EB-454D-88EC-E1D2299B2C08,950D1A5DFAD4494685D3A380AC3EB7BF,uri://ed-fi.org/SourceSystemDescriptor#State
uri://tpdm.ed-fi.org,CB20860D-6202-4A1E-9009-6805F4F02B0C,9A0C43C3-814B-4D68-BC98-C79DFB6EAC7D,950D1A5DFAD4494685D3A380AC3EB7BF,uri://ed-fi.org/SourceSystemDescriptor#State
uri://tpdm.ed-fi.org,CB20860D-6202-4A1E-9009-6805F4F02B0C,F4BB11CB-C07E-4F29-AA39-FFCD68B84108,950EA758196B4E8B84BF91EDDF0DE0AC,uri://ed-fi.org/SourceSystemDescriptor#State
uri://tpdm.ed-fi.org,9F22914C-7A93-4CF6-83C1-850E1185B672,5A225B82-EE9A-4AFA-B62A-D6706FFF86A3,963C4EB532B14B3B86A4CE2C80253CA5,uri://ed-fi.org/SourceSystemDescriptor#State
uri://tpdm.ed-fi.org,CB20860D-6202-4A1E-9009-6805F4F02B0C,19B1AEAC-17E2-42AB-8027-E256E245E932,96B5B30C1AE943D2BEDD92627AA8BBA2,uri://ed-fi.org/SourceSystemDescriptor#State
uri://tpdm.ed-fi.org,8A028D4C-06C1-4653-B3A5-015A8B386EC7,C68D395B-8CBA-4DC9-9A68-00103C10DC37,993DBEFCC0A4426E9E279D77C0F56A03,uri://ed-fi.org/SourceSystemDescriptor#State
uri://tpdm.ed-fi.org,9F22914C-7A93-4CF6-83C1-850E1185B672,522ED134-95C6-4070-BD58-32206835898E,993DBEFCC0A4426E9E279D77C0F56A03,uri://ed-fi.org/SourceSystemDescriptor#State
uri://tpdm.ed-fi.org,CB20860D-6202-4A1E-9009-6805F4F02B0C,B4A5BACE-D2F4-4835-9A8D-6E877E8ED21A,993DBEFCC0A4426E9E279D77C0F56A03,uri://ed-fi.org/SourceSystemDescriptor#State
uri://tpdm.ed-fi.org,9F22914C-7A93-4CF6-83C1-850E1185B672,03FA231F-80D7-4F47-914E-FF51FBB34651,9A0EF5C81DDA4ED8B1EEF433B1733D5D,uri://ed-fi.org/SourceSystemDescriptor#State
uri://tpdm.ed-fi.org,CB20860D-6202-4A1E-9009-6805F4F02B0C,2849993E-F8B5-40F2-8D1A-1B02D1DBE241,9B10F615C00E4E7DA77EB5C77F76BAB4,uri://ed-fi.org/SourceSystemDescriptor#State
uri://tpdm.ed-fi.org,CB20860D-6202-4A1E-9009-6805F4F02B0C,0B300E48-45EF-4F78-A600-505F31D80DB2,9B23ACC5CCDC472F93D4592FAD753A31,uri://ed-fi.org/SourceSystemDescriptor#State
uri://tpdm.ed-fi.org,9F22914C-7A93-4CF6-83C1-850E1185B672,709704D6-F36F-4D7D-A685-8BEC2EB3CEB5,9CFFF315A6D1471D843D83725E255B75,uri://ed-fi.org/SourceSystemDescriptor#State
uri://tpdm.ed-fi.org,9F22914C-7A93-4CF6-83C1-850E1185B672,87DED5FD-60B6-4D13-91B1-BC7FAA0E9BDB,9CFFF315A6D1471D843D83725E255B75,uri://ed-fi.org/SourceSystemDescriptor#State
uri://tpdm.ed-fi.org,CB20860D-6202-4A1E-9009-6805F4F02B0C,27D2C396-C044-4710-8B6C-3AA9132EE62A,9CFFF315A6D1471D843D83725E255B75,uri://ed-fi.org/SourceSystemDescriptor#State
uri://tpdm.ed-fi.org,CB20860D-6202-4A1E-9009-6805F4F02B0C,55A62898-45B4-4B5A-87BF-83C011576AC8,9D07E15BF1534CEDA5AACFC34C365392,uri://ed-fi.org/SourceSystemDescriptor#State
uri://tpdm.ed-fi.org,9F22914C-7A93-4CF6-83C1-850E1185B672,ACCBF49E-347D-46A0-AD5B-7A39125F30B7,9D3E4C2F245D4DE9896E319ACA8C24E4,uri://ed-fi.org/SourceSystemDescriptor#State
uri://tpdm.ed-fi.org,CB20860D-6202-4A1E-9009-6805F4F02B0C,1604DFF2-D855-41B8-BEC5-49EC4EEB91D8,9D3E4C2F245D4DE9896E319ACA8C24E4,uri://ed-fi.org/SourceSystemDescriptor#State
uri://tpdm.ed-fi.org,8A028D4C-06C1-4653-B3A5-015A8B386EC7,029E0C58-F872-44DD-99B6-C63C18C8F32C,9DF7D06624D94897983315A3C030288F,uri://ed-fi.org/SourceSystemDescriptor#State
uri://tpdm.ed-fi.org,9F22914C-7A93-4CF6-83C1-850E1185B672,045539FE-A24E-4371-8E3A-9E9DFAFFA9C2,9E72AB916FDC4DF7B7D0BFE55A4E0CE6,uri://ed-fi.org/SourceSystemDescriptor#State
uri://tpdm.ed-fi.org,CB20860D-6202-4A1E-9009-6805F4F02B0C,991646CD-4237-4BAE-A969-9932CF780F6B,9E72AB916FDC4DF7B7D0BFE55A4E0CE6,uri://ed-fi.org/SourceSystemDescriptor#State
uri://tpdm.ed-fi.org,CB20860D-6202-4A1E-9009-6805F4F02B0C,E06D5A7D-18D3-4AA9-AB55-546226FC29BB,9E72AB916FDC4DF7B7D0BFE55A4E0CE6,uri://ed-fi.org/SourceSystemDescriptor#State
uri://tpdm.ed-fi.org,CB20860D-6202-4A1E-9009-6805F4F02B0C,18D597D7-3A2F-409A-9669-0AA970AB2A5E,9EFE3FEB5C344D1CB344D280B37C2946,uri://ed-fi.org/SourceSystemDescriptor#State
uri://tpdm.ed-fi.org,9F22914C-7A93-4CF6-83C1-850E1185B672,1C8F4147-2DEE-4AFF-ABBB-52EB174AE155,A0AEB66959D849CD97ACACF301BA7039,uri://ed-fi.org/SourceSystemDescriptor#State
uri://tpdm.ed-fi.org,CB20860D-6202-4A1E-9009-6805F4F02B0C,3B6CDAD6-8B88-4B5A-87DC-E2BCCDC50D7A,A0AEB66959D849CD97ACACF301BA7039,uri://ed-fi.org/SourceSystemDescriptor#State
uri://tpdm.ed-fi.org,CB20860D-6202-4A1E-9009-6805F4F02B0C,8DBAD2A1-EF92-42B2-B091-77D6DF61D3FD,A0AEB66959D849CD97ACACF301BA7039,uri://ed-fi.org/SourceSystemDescriptor#State
uri://tpdm.ed-fi.org,8A028D4C-06C1-4653-B3A5-015A8B386EC7,93858C49-E71D-4C28-B7DA-B435DDDA55B9,A0F07E11903D4D03AECB4D448AD50F7F,uri://ed-fi.org/SourceSystemDescriptor#State
uri://tpdm.ed-fi.org,9F22914C-7A93-4CF6-83C1-850E1185B672,15DCE006-1586-451E-8BE7-6A47A6A5FC62,A0F07E11903D4D03AECB4D448AD50F7F,uri://ed-fi.org/SourceSystemDescriptor#State
uri://tpdm.ed-fi.org,9F22914C-7A93-4CF6-83C1-850E1185B672,5F76FF45-41A5-4BC1-A22A-5D19ACCCC23E,A0F07E11903D4D03AECB4D448AD50F7F,uri://ed-fi.org/SourceSystemDescriptor#State
uri://tpdm.ed-fi.org,CB20860D-6202-4A1E-9009-6805F4F02B0C,8E37CF6C-65B6-42B6-8FA8-301ACC2852EE,A2177C014AB6425EA679131531F6FBEC,uri://ed-fi.org/SourceSystemDescriptor#State
uri://tpdm.ed-fi.org,CB20860D-6202-4A1E-9009-6805F4F02B0C,FD583273-1193-460E-8948-E7962F789DE5,A2177C014AB6425EA679131531F6FBEC,uri://ed-fi.org/SourceSystemDescriptor#State
uri://tpdm.ed-fi.org,8A028D4C-06C1-4653-B3A5-015A8B386EC7,C0CE3744-F445-454C-A640-B061F9E3DBF2,A2EB572F063E4ED9A5BACBD7A00C951D,uri://ed-fi.org/SourceSystemDescriptor#State
uri://tpdm.ed-fi.org,CB20860D-6202-4A1E-9009-6805F4F02B0C,AD4E6AC4-4D14-4DD2-A7B0-604CAB40FA0F,A2EB572F063E4ED9A5BACBD7A00C951D,uri://ed-fi.org/SourceSystemDescriptor#State
uri://tpdm.ed-fi.org,CB20860D-6202-4A1E-9009-6805F4F02B0C,F93D5ABF-584E-4FAE-9414-57D7F1980B0D,A3579C20D72E40699E340194C815BC11,uri://ed-fi.org/SourceSystemDescriptor#State
uri://tpdm.ed-fi.org,8A028D4C-06C1-4653-B3A5-015A8B386EC7,50FB5D24-F0F5-46AD-A7C9-305F9D987D52,A37ABE73C72F426481E6261E9882FEB8,uri://ed-fi.org/SourceSystemDescriptor#State
uri://tpdm.ed-fi.org,9F22914C-7A93-4CF6-83C1-850E1185B672,20A64E7D-CB58-41CA-A48A-754008FE095C,A37ABE73C72F426481E6261E9882FEB8,uri://ed-fi.org/SourceSystemDescriptor#State
uri://tpdm.ed-fi.org,8A028D4C-06C1-4653-B3A5-015A8B386EC7,52BA9EFB-F7E0-455E-8A5E-BA254E558078,A706B842D40D47ACA690560B5BF26BD1,uri://ed-fi.org/SourceSystemDescriptor#State
uri://tpdm.ed-fi.org,CB20860D-6202-4A1E-9009-6805F4F02B0C,8CBD6D75-9671-490C-8403-BB50C64B83BB,A706B842D40D47ACA690560B5BF26BD1,uri://ed-fi.org/SourceSystemDescriptor#State
uri://tpdm.ed-fi.org,CB20860D-6202-4A1E-9009-6805F4F02B0C,2637C63D-6567-48F3-823D-EB98E4F1D040,A7DD0B19AA3E40F792304F3EA94E6838,uri://ed-fi.org/SourceSystemDescriptor#State
uri://tpdm.ed-fi.org,9F22914C-7A93-4CF6-83C1-850E1185B672,634DC4F2-49CA-484D-B6B4-3D631402E424,A826D8A3B8F6462E8789C2352518B97C,uri://ed-fi.org/SourceSystemDescriptor#State
uri://tpdm.ed-fi.org,9F22914C-7A93-4CF6-83C1-850E1185B672,1203AE1C-A94F-485C-B303-2AA8F7E1915D,A87AE9C044E8444BA0F84DE32F3954FC,uri://ed-fi.org/SourceSystemDescriptor#State
uri://tpdm.ed-fi.org,CB20860D-6202-4A1E-9009-6805F4F02B0C,5FD30ED9-0668-4578-BF1C-5DB094AA4ACF,A87AE9C044E8444BA0F84DE32F3954FC,uri://ed-fi.org/SourceSystemDescriptor#State
uri://tpdm.ed-fi.org,9F22914C-7A93-4CF6-83C1-850E1185B672,B7D204AD-C5B7-495B-A298-2A6146B65392,A898E3BCA2EF4C7B950A976420FBD9BA,uri://ed-fi.org/SourceSystemDescriptor#State
uri://tpdm.ed-fi.org,9F22914C-7A93-4CF6-83C1-850E1185B672,01699D78-724C-4F49-AABA-B8E8AC18BCE4,A9A7E58CDE0E46AB85670D3466A77946,uri://ed-fi.org/SourceSystemDescriptor#State
uri://tpdm.ed-fi.org,CB20860D-6202-4A1E-9009-6805F4F02B0C,9E5BEA3B-4A7A-4E6D-810E-AF109CFC5199,A9A7E58CDE0E46AB85670D3466A77946,uri://ed-fi.org/SourceSystemDescriptor#State
uri://tpdm.ed-fi.org,CB20860D-6202-4A1E-9009-6805F4F02B0C,7F34B22C-D061-4B3C-B97E-02A416D5A2B2,AB41478240294B4289B7E7453D6E4DA6,uri://ed-fi.org/SourceSystemDescriptor#State
uri://tpdm.ed-fi.org,CB20860D-6202-4A1E-9009-6805F4F02B0C,51170E4D-AB66-4D22-B4E1-E1D8623420FA,AB9A96370D1547F4B9CDBF336D672FCF,uri://ed-fi.org/SourceSystemDescriptor#State
uri://tpdm.ed-fi.org,8A028D4C-06C1-4653-B3A5-015A8B386EC7,52EAE925-7C06-41AA-B16C-187109264432,AC1FB592E94C4F1694419A2C484EB4EB,uri://ed-fi.org/SourceSystemDescriptor#State
uri://tpdm.ed-fi.org,9F22914C-7A93-4CF6-83C1-850E1185B672,E474C53F-0AEF-4C68-8A47-AA50A0D22D4A,AC1FB592E94C4F1694419A2C484EB4EB,uri://ed-fi.org/SourceSystemDescriptor#State
uri://tpdm.ed-fi.org,9F22914C-7A93-4CF6-83C1-850E1185B672,E6BC5D0D-0478-42FC-BD0F-604814932141,AC1FB592E94C4F1694419A2C484EB4EB,uri://ed-fi.org/SourceSystemDescriptor#State
uri://tpdm.ed-fi.org,8A028D4C-06C1-4653-B3A5-015A8B386EC7,1AF451C5-0603-49BF-A056-83E6C47A2F43,ACAD2AA46F3743199DB519107C3126C0,uri://ed-fi.org/SourceSystemDescriptor#State
uri://tpdm.ed-fi.org,8A028D4C-06C1-4653-B3A5-015A8B386EC7,AAF220C3-5471-4F05-8AC1-DAC3FC9ECC5C,AE4F0224171943A1A4649CA9437E485C,uri://ed-fi.org/SourceSystemDescriptor#State
uri://tpdm.ed-fi.org,CB20860D-6202-4A1E-9009-6805F4F02B0C,33B30FE9-4134-424D-9965-C3234FD89C5F,AE4F0224171943A1A4649CA9437E485C,uri://ed-fi.org/SourceSystemDescriptor#State
uri://tpdm.ed-fi.org,8A028D4C-06C1-4653-B3A5-015A8B386EC7,FB77FE69-D5D7-4BA7-A6EF-849D43165829,B07C4E01E01C4E3B85FAF0716DE77060,uri://ed-fi.org/SourceSystemDescriptor#State
uri://tpdm.ed-fi.org,CB20860D-6202-4A1E-9009-6805F4F02B0C,A50413A1-6C18-49CE-8231-A7FF15687335,B09494E0897849D4A291FCB6AC9A0ED4,uri://ed-fi.org/SourceSystemDescriptor#State
uri://tpdm.ed-fi.org,8A028D4C-06C1-4653-B3A5-015A8B386EC7,35AFF8A8-F691-4562-80BB-ED3358E05E4A,B0BB23C1DF9B41309A081FC1F72CEF73,uri://ed-fi.org/SourceSystemDescriptor#State
uri://tpdm.ed-fi.org,8A028D4C-06C1-4653-B3A5-015A8B386EC7,CBE7E2B1-0A89-43B1-B268-D73DA8102703,B0BB23C1DF9B41309A081FC1F72CEF73,uri://ed-fi.org/SourceSystemDescriptor#State
uri://tpdm.ed-fi.org,CB20860D-6202-4A1E-9009-6805F4F02B0C,0DE5B558-4584-43CA-BD69-9F2B0BB76C87,B0DC1E8A7ECA480E9B06A99B8F64141B,uri://ed-fi.org/SourceSystemDescriptor#State
uri://tpdm.ed-fi.org,9F22914C-7A93-4CF6-83C1-850E1185B672,C047BA82-C0A7-476F-90F6-B1998FDBB545,B23DD6DAE3BC41F5A72EB4BFF9E61519,uri://ed-fi.org/SourceSystemDescriptor#State
uri://tpdm.ed-fi.org,8A028D4C-06C1-4653-B3A5-015A8B386EC7,6682B295-C6AB-4010-886F-B4BBB8345F73,B322906A372F41C8BCA802D644B83CDF,uri://ed-fi.org/SourceSystemDescriptor#State
uri://tpdm.ed-fi.org,9F22914C-7A93-4CF6-83C1-850E1185B672,BD9D7E78-8559-4EA8-B5FE-5621FA5D06C4,B464CEA73AB745618EC0B9F1DE9E4B38,uri://ed-fi.org/SourceSystemDescriptor#State
uri://tpdm.ed-fi.org,CB20860D-6202-4A1E-9009-6805F4F02B0C,58D399CB-D3D0-49D0-864E-34627DE66836,B464CEA73AB745618EC0B9F1DE9E4B38,uri://ed-fi.org/SourceSystemDescriptor#State
uri://tpdm.ed-fi.org,8A028D4C-06C1-4653-B3A5-015A8B386EC7,0DF11B16-2F11-46E6-8636-904616252BAE,B4FDC41ABA9E4759BD107579D18D7C33,uri://ed-fi.org/SourceSystemDescriptor#State
uri://tpdm.ed-fi.org,9F22914C-7A93-4CF6-83C1-850E1185B672,25E554A9-EA88-4900-BD18-5138BEFD510D,B4FDC41ABA9E4759BD107579D18D7C33,uri://ed-fi.org/SourceSystemDescriptor#State
uri://tpdm.ed-fi.org,9F22914C-7A93-4CF6-83C1-850E1185B672,1ADC1DDF-7BE1-4600-A854-914EF9C71CF8,B58CB33192D14E6380C24E84F5B2EE5F,uri://ed-fi.org/SourceSystemDescriptor#State
uri://tpdm.ed-fi.org,8A028D4C-06C1-4653-B3A5-015A8B386EC7,5517DBC7-2AE4-4068-875C-978E08743F52,B592C9E5063C4E90A53D5EFFFD871BD0,uri://ed-fi.org/SourceSystemDescriptor#State
uri://tpdm.ed-fi.org,8A028D4C-06C1-4653-B3A5-015A8B386EC7,73493CDB-D05E-4FE8-8113-F71A25F1843C,B592C9E5063C4E90A53D5EFFFD871BD0,uri://ed-fi.org/SourceSystemDescriptor#State
uri://tpdm.ed-fi.org,CB20860D-6202-4A1E-9009-6805F4F02B0C,3D6E6D63-9E68-4C67-870B-205FB81A6761,B592C9E5063C4E90A53D5EFFFD871BD0,uri://ed-fi.org/SourceSystemDescriptor#State
uri://tpdm.ed-fi.org,9F22914C-7A93-4CF6-83C1-850E1185B672,235ABB07-8C0D-4047-8FD4-99893CBF74F8,B5EDCDD75C88491E8CD7483A4DA0E86F,uri://ed-fi.org/SourceSystemDescriptor#State
uri://tpdm.ed-fi.org,8A028D4C-06C1-4653-B3A5-015A8B386EC7,49CA5D4B-5FE3-4B0B-93A3-5E84FB12A41C,B5FC242AC1D5409FBB2ABDE2007C79C5,uri://ed-fi.org/SourceSystemDescriptor#State
uri://tpdm.ed-fi.org,9F22914C-7A93-4CF6-83C1-850E1185B672,6AD50495-3ABC-4B6B-A2AB-06DCFFB85E5E,B77E12AB5F12463D8C32E1556F295E1B,uri://ed-fi.org/SourceSystemDescriptor#State
uri://tpdm.ed-fi.org,9F22914C-7A93-4CF6-83C1-850E1185B672,F5888B58-DCC1-4CAB-843C-6A6FBF482517,B77E12AB5F12463D8C32E1556F295E1B,uri://ed-fi.org/SourceSystemDescriptor#State
uri://tpdm.ed-fi.org,CB20860D-6202-4A1E-9009-6805F4F02B0C,4344C173-632A-4680-BA0E-A63050E0641E,B77E12AB5F12463D8C32E1556F295E1B,uri://ed-fi.org/SourceSystemDescriptor#State
uri://tpdm.ed-fi.org,CB20860D-6202-4A1E-9009-6805F4F02B0C,4C80BC59-4B79-4331-A51A-2F70E7B3D50F,B77E12AB5F12463D8C32E1556F295E1B,uri://ed-fi.org/SourceSystemDescriptor#State
uri://tpdm.ed-fi.org,CB20860D-6202-4A1E-9009-6805F4F02B0C,6D5D7FC3-C580-4D05-B04D-6B63A3CACA6C,B77E12AB5F12463D8C32E1556F295E1B,uri://ed-fi.org/SourceSystemDescriptor#State
uri://tpdm.ed-fi.org,CB20860D-6202-4A1E-9009-6805F4F02B0C,780FA167-1A04-4CF2-877D-D54F750462F3,B78708FA57334C5A93C2AF7DA82B9584,uri://ed-fi.org/SourceSystemDescriptor#State
uri://tpdm.ed-fi.org,8A028D4C-06C1-4653-B3A5-015A8B386EC7,4F62D837-DADA-4EB9-89AE-4F9923149AA3,B896FDA771D9422095936DE8C0E58B87,uri://ed-fi.org/SourceSystemDescriptor#State
uri://tpdm.ed-fi.org,9F22914C-7A93-4CF6-83C1-850E1185B672,C50C6406-969E-4261-BE1A-0DDDD345E81D,B896FDA771D9422095936DE8C0E58B87,uri://ed-fi.org/SourceSystemDescriptor#State
uri://tpdm.ed-fi.org,CB20860D-6202-4A1E-9009-6805F4F02B0C,205024C3-2EE0-4F1B-B24A-03C192ACD7B2,B94846D1A4E54C68B8AE45A15BC68409,uri://ed-fi.org/SourceSystemDescriptor#State
uri://tpdm.ed-fi.org,9F22914C-7A93-4CF6-83C1-850E1185B672,AD2C52FD-A763-4FC6-B468-15410EB83C35,B96DB8B255644BE2A4227FB880A34931,uri://ed-fi.org/SourceSystemDescriptor#State
uri://tpdm.ed-fi.org,CB20860D-6202-4A1E-9009-6805F4F02B0C,0ACFEAAA-AAFF-4023-9075-F1A2BAB93C70,B96DB8B255644BE2A4227FB880A34931,uri://ed-fi.org/SourceSystemDescriptor#State
uri://tpdm.ed-fi.org,8A028D4C-06C1-4653-B3A5-015A8B386EC7,40749614-E718-41ED-8F8C-E7A2881B3435,B9DAB347565045C9AE5F823F61560ACE,uri://ed-fi.org/SourceSystemDescriptor#State
uri://tpdm.ed-fi.org,9F22914C-7A93-4CF6-83C1-850E1185B672,3A7179C2-144E-418A-8C67-B10C4FE67ACD,BD1AB7CEE8524A7BB458C64E9D01CFC9,uri://ed-fi.org/SourceSystemDescriptor#State
uri://tpdm.ed-fi.org,8A028D4C-06C1-4653-B3A5-015A8B386EC7,C25E63CA-F232-48B6-8791-9DEA59FD3BEE,BE91841923EE4D9EAB93237084E3079A,uri://ed-fi.org/SourceSystemDescriptor#State
uri://tpdm.ed-fi.org,8A028D4C-06C1-4653-B3A5-015A8B386EC7,1739DD52-F6F3-43F9-8240-2D7391629272,BECFE58C24034F808072ED56B26DCA75,uri://ed-fi.org/SourceSystemDescriptor#State
uri://tpdm.ed-fi.org,CB20860D-6202-4A1E-9009-6805F4F02B0C,8DF72624-2CF6-43FE-B543-D834CA42979B,BF8A86C6366941AA996ABE2D85DEEE04,uri://ed-fi.org/SourceSystemDescriptor#State
uri://tpdm.ed-fi.org,9F22914C-7A93-4CF6-83C1-850E1185B672,D3F9D323-E37C-4DC7-8602-79858BED52BA,C0A769438D0D42CE99EF735BB3E1C3FD,uri://ed-fi.org/SourceSystemDescriptor#State
uri://tpdm.ed-fi.org,8A028D4C-06C1-4653-B3A5-015A8B386EC7,14435774-96BE-4A28-9D27-48A48DC9A1E0,C1D3411EF6B94E00A3B096AA9F0FC46F,uri://ed-fi.org/SourceSystemDescriptor#State
uri://tpdm.ed-fi.org,9F22914C-7A93-4CF6-83C1-850E1185B672,8AAFED05-89DC-4406-8BE7-21A28363ED4B,C2417EAFD0774929A49A4B32212F2F9F,uri://ed-fi.org/SourceSystemDescriptor#State
uri://tpdm.ed-fi.org,9F22914C-7A93-4CF6-83C1-850E1185B672,E67D886C-9F5A-45E3-8C9E-D761AF281E93,C2417EAFD0774929A49A4B32212F2F9F,uri://ed-fi.org/SourceSystemDescriptor#State
uri://tpdm.ed-fi.org,CB20860D-6202-4A1E-9009-6805F4F02B0C,98EEDF5A-F3A7-4309-8132-1D2D79B7B0A7,C245F416C3AB419889B468C3E0F8BDA3,uri://ed-fi.org/SourceSystemDescriptor#State
uri://tpdm.ed-fi.org,9F22914C-7A93-4CF6-83C1-850E1185B672,80E0FAEB-8EAD-42F6-9CFA-F5606EA74E19,C26BE381B01349E68469ABEC07C4B97B,uri://ed-fi.org/SourceSystemDescriptor#State
uri://tpdm.ed-fi.org,8A028D4C-06C1-4653-B3A5-015A8B386EC7,02F7FD90-F759-4201-9359-ECEC39AA6715,C2B0B45E65294AC48F7A45499152B76C,uri://ed-fi.org/SourceSystemDescriptor#State
uri://tpdm.ed-fi.org,9F22914C-7A93-4CF6-83C1-850E1185B672,B1D07D8E-C0B2-4AA8-820A-F11C6AD62C6D,C367B506F3C04F4CBD60E8ACE04DFD71,uri://ed-fi.org/SourceSystemDescriptor#State
uri://tpdm.ed-fi.org,9F22914C-7A93-4CF6-83C1-850E1185B672,144CA532-F027-4AA9-AF07-83A8A213425B,C54B17371B3E4F2BB6214ED662A0FF3C,uri://ed-fi.org/SourceSystemDescriptor#State
uri://tpdm.ed-fi.org,9F22914C-7A93-4CF6-83C1-850E1185B672,5ABB1D0E-BAA8-43C7-B326-A537DE51BD14,C5827C65F31E4E3CB7291C4536167CC9,uri://ed-fi.org/SourceSystemDescriptor#State
uri://tpdm.ed-fi.org,9F22914C-7A93-4CF6-83C1-850E1185B672,6045B519-89A8-4336-A211-76D51FC356B7,C5A852CC99E8490BBCBADECC3C824C55,uri://ed-fi.org/SourceSystemDescriptor#State
uri://tpdm.ed-fi.org,9F22914C-7A93-4CF6-83C1-850E1185B672,50463F36-58B3-427E-B66B-FB991AC098F0,C6178C37B6FE47B3AB900B49A9858D8D,uri://ed-fi.org/SourceSystemDescriptor#State
uri://tpdm.ed-fi.org,9F22914C-7A93-4CF6-83C1-850E1185B672,5FA6FC6F-3343-40C5-941B-52A0A3EF4CC7,C6178C37B6FE47B3AB900B49A9858D8D,uri://ed-fi.org/SourceSystemDescriptor#State
uri://tpdm.ed-fi.org,8A028D4C-06C1-4653-B3A5-015A8B386EC7,C3B5924A-0867-42FD-8E22-989295ECC73E,C6B144146BE84D24ABD61C3D93B3B68A,uri://ed-fi.org/SourceSystemDescriptor#State
uri://tpdm.ed-fi.org,9F22914C-7A93-4CF6-83C1-850E1185B672,1E7E1E88-92B1-4387-92C9-A35A3BBB5ACD,C6B144146BE84D24ABD61C3D93B3B68A,uri://ed-fi.org/SourceSystemDescriptor#State
uri://tpdm.ed-fi.org,CB20860D-6202-4A1E-9009-6805F4F02B0C,B36B32CF-793E-4A93-A05D-1BF135726919,C6B144146BE84D24ABD61C3D93B3B68A,uri://ed-fi.org/SourceSystemDescriptor#State
uri://tpdm.ed-fi.org,CB20860D-6202-4A1E-9009-6805F4F02B0C,DF39EE10-3499-4C37-A506-93B626E90EF0,C6B144146BE84D24ABD61C3D93B3B68A,uri://ed-fi.org/SourceSystemDescriptor#State
uri://tpdm.ed-fi.org,8A028D4C-06C1-4653-B3A5-015A8B386EC7,B79A8CFD-E1C3-47E5-B10A-931CE9CB6788,C754C7AF6D734A00B8D8BF043460D756,uri://ed-fi.org/SourceSystemDescriptor#State
uri://tpdm.ed-fi.org,CB20860D-6202-4A1E-9009-6805F4F02B0C,2E9E137A-F312-4EF3-9C39-367C6040BFE9,C9B0AF6DF11C4E1990199C88D53FDDDC,uri://ed-fi.org/SourceSystemDescriptor#State
uri://tpdm.ed-fi.org,CB20860D-6202-4A1E-9009-6805F4F02B0C,C23176E0-A9CB-49CE-BFC1-727F721D517F,C9B0AF6DF11C4E1990199C88D53FDDDC,uri://ed-fi.org/SourceSystemDescriptor#State
uri://tpdm.ed-fi.org,9F22914C-7A93-4CF6-83C1-850E1185B672,EA54E93C-23D3-43C4-AD52-64BEC90A7339,CA206061DEBD4F5FACA9591DAD3E84DA,uri://ed-fi.org/SourceSystemDescriptor#State
uri://tpdm.ed-fi.org,8A028D4C-06C1-4653-B3A5-015A8B386EC7,E8D1E6A7-F9B1-40BE-8CEE-D3BD0DAAE682,CA413160B9FD423799D933CAA1FB843F,uri://ed-fi.org/SourceSystemDescriptor#State
uri://tpdm.ed-fi.org,CB20860D-6202-4A1E-9009-6805F4F02B0C,13F353DE-DC55-4351-B35F-A990F6A89478,CB75CC7389DE4404837647D66304CB53,uri://ed-fi.org/SourceSystemDescriptor#State
uri://tpdm.ed-fi.org,8A028D4C-06C1-4653-B3A5-015A8B386EC7,86DAEE38-B1CF-4DF5-B1E8-A791FEDB22D8,CBACA2E920F744B0B3AF1ED642A7934C,uri://ed-fi.org/SourceSystemDescriptor#State
uri://tpdm.ed-fi.org,8A028D4C-06C1-4653-B3A5-015A8B386EC7,430C1E3D-98CA-4733-BCA4-1020F62FF9F8,CC1432CBAFC24E40933028A352AABBEA,uri://ed-fi.org/SourceSystemDescriptor#State
uri://tpdm.ed-fi.org,CB20860D-6202-4A1E-9009-6805F4F02B0C,679044E9-6EE6-48D8-AE38-3CEB648FDD74,CCE2797C72954AB595FB1621F3401735,uri://ed-fi.org/SourceSystemDescriptor#State
uri://tpdm.ed-fi.org,CB20860D-6202-4A1E-9009-6805F4F02B0C,D2E8F50A-5693-40B3-A197-AF9D12A92922,CDC5F90498294F64BB44D7A0DEE642A2,uri://ed-fi.org/SourceSystemDescriptor#State
uri://tpdm.ed-fi.org,CB20860D-6202-4A1E-9009-6805F4F02B0C,BB3E4D07-D049-43A7-AF78-1DC3168991CF,CE4BB5B99C2C4365B799DA133926ED21,uri://ed-fi.org/SourceSystemDescriptor#State
uri://tpdm.ed-fi.org,CB20860D-6202-4A1E-9009-6805F4F02B0C,64F5F90A-504D-4BBB-A0AD-499D0CB08C08,CE71C5C2874F4860A094066330651C83,uri://ed-fi.org/SourceSystemDescriptor#State
uri://tpdm.ed-fi.org,9F22914C-7A93-4CF6-83C1-850E1185B672,E98A7DE0-4961-403D-A24C-0D7E962DC82C,D016C71D938B4C31A87DB76D1108FF63,uri://ed-fi.org/SourceSystemDescriptor#State
uri://tpdm.ed-fi.org,CB20860D-6202-4A1E-9009-6805F4F02B0C,0940BEE8-9D8A-49F9-AADC-39F0AC29AF34,D06C1667A62149A4AA849FDEEFBE2984,uri://ed-fi.org/SourceSystemDescriptor#State
uri://tpdm.ed-fi.org,9F22914C-7A93-4CF6-83C1-850E1185B672,D303446A-A5FD-4B37-A412-421037A35266,D17BCDDA4E254673BAE96843A07BD66F,uri://ed-fi.org/SourceSystemDescriptor#State
uri://tpdm.ed-fi.org,CB20860D-6202-4A1E-9009-6805F4F02B0C,889BC351-13D0-45A0-A1ED-2FF0A36324FA,D17BCDDA4E254673BAE96843A07BD66F,uri://ed-fi.org/SourceSystemDescriptor#State
uri://tpdm.ed-fi.org,CB20860D-6202-4A1E-9009-6805F4F02B0C,E740FC62-1A31-4F8E-A895-646649A6E7FC,D1A4524572554ECAB6C705EC1AE8FBD0,uri://ed-fi.org/SourceSystemDescriptor#State
uri://tpdm.ed-fi.org,8A028D4C-06C1-4653-B3A5-015A8B386EC7,383AB01D-07DB-4A13-8666-A07DFDE98456,D1CF7A2F2B214218B911B32D1143F9F4,uri://ed-fi.org/SourceSystemDescriptor#State
uri://tpdm.ed-fi.org,8A028D4C-06C1-4653-B3A5-015A8B386EC7,5FB2F9D3-D1F8-4C8E-BD92-F11C85414DBD,D214C30504D3464188A138C9466EF55D,uri://ed-fi.org/SourceSystemDescriptor#State
uri://tpdm.ed-fi.org,9F22914C-7A93-4CF6-83C1-850E1185B672,CCB89319-A8AF-40D0-B799-22EBBA305238,D26B7513B046408DB49B75D903AE66E6,uri://ed-fi.org/SourceSystemDescriptor#State
uri://tpdm.ed-fi.org,CB20860D-6202-4A1E-9009-6805F4F02B0C,98877F0A-337D-4CE4-9F8E-2DE936DAA2CB,D26B7513B046408DB49B75D903AE66E6,uri://ed-fi.org/SourceSystemDescriptor#State
uri://tpdm.ed-fi.org,8A028D4C-06C1-4653-B3A5-015A8B386EC7,233C6050-6D8B-45EC-98DB-ED60AB878639,D3D3FF6F33494D36A9B2ECA41FDA2D11,uri://ed-fi.org/SourceSystemDescriptor#State
uri://tpdm.ed-fi.org,9F22914C-7A93-4CF6-83C1-850E1185B672,463F66CB-115B-4F3C-8399-0D89700F4144,D40457DD3D4E4C08970DBF32E9FAC4B6,uri://ed-fi.org/SourceSystemDescriptor#State
uri://tpdm.ed-fi.org,8A028D4C-06C1-4653-B3A5-015A8B386EC7,7FE5AC8A-B46A-4DD6-A94F-4B22A0BA6628,D4781148454246AAAB81B2B31D5EC157,uri://ed-fi.org/SourceSystemDescriptor#State
uri://tpdm.ed-fi.org,CB20860D-6202-4A1E-9009-6805F4F02B0C,524C5412-751C-444D-9546-61698D31768D,D4781148454246AAAB81B2B31D5EC157,uri://ed-fi.org/SourceSystemDescriptor#State
uri://tpdm.ed-fi.org,CB20860D-6202-4A1E-9009-6805F4F02B0C,EBE06B3D-0AF5-4AEC-A796-2C9F6A7ECF24,D4781148454246AAAB81B2B31D5EC157,uri://ed-fi.org/SourceSystemDescriptor#State
uri://tpdm.ed-fi.org,9F22914C-7A93-4CF6-83C1-850E1185B672,EDC27BE6-08BD-4741-80BE-FF638930D00E,D4E0E67CF8214ACBA4260A957A3E1E18,uri://ed-fi.org/SourceSystemDescriptor#State
uri://tpdm.ed-fi.org,CB20860D-6202-4A1E-9009-6805F4F02B0C,B197073A-7F2E-4A1D-A2B6-EC340760824B,D588BCB63A6641DAA5B9BD746E1012AD,uri://ed-fi.org/SourceSystemDescriptor#State
uri://tpdm.ed-fi.org,8A028D4C-06C1-4653-B3A5-015A8B386EC7,AD52BE26-CCB0-40E9-B385-11F10233B405,D5C4BAB83D034854B4AE5DF75CFE5CC7,uri://ed-fi.org/SourceSystemDescriptor#State
uri://tpdm.ed-fi.org,8A028D4C-06C1-4653-B3A5-015A8B386EC7,46CF4E55-959D-4F68-8415-A56FB4401C4C,D6F0400550E94CD9840342116818D192,uri://ed-fi.org/SourceSystemDescriptor#State
uri://tpdm.ed-fi.org,8A028D4C-06C1-4653-B3A5-015A8B386EC7,472F752C-9747-4F06-949A-6F47EE8A1D93,D6F0400550E94CD9840342116818D192,uri://ed-fi.org/SourceSystemDescriptor#State
uri://tpdm.ed-fi.org,8A028D4C-06C1-4653-B3A5-015A8B386EC7,4DE101CC-EBB1-46BC-9B76-F6ED68EC0194,D838F30C986D4A1AA9E3DDCDFE105DAB,uri://ed-fi.org/SourceSystemDescriptor#State
uri://tpdm.ed-fi.org,8A028D4C-06C1-4653-B3A5-015A8B386EC7,7303D9BB-36FA-4852-B593-969C4B401E23,D838F30C986D4A1AA9E3DDCDFE105DAB,uri://ed-fi.org/SourceSystemDescriptor#State
uri://tpdm.ed-fi.org,9F22914C-7A93-4CF6-83C1-850E1185B672,AC0DE03E-5856-470B-869D-6562163C762C,D91DC2F37E8D48B795302F7932E221F2,uri://ed-fi.org/SourceSystemDescriptor#State
uri://tpdm.ed-fi.org,CB20860D-6202-4A1E-9009-6805F4F02B0C,D0599EC1-F5C9-4276-A6DC-DCE0548DF16E,D91DC2F37E8D48B795302F7932E221F2,uri://ed-fi.org/SourceSystemDescriptor#State
uri://tpdm.ed-fi.org,9F22914C-7A93-4CF6-83C1-850E1185B672,B3DEBAA4-3DCE-4488-9070-D51AA33E55DB,D9DE98A3A44C4B7EAB7E0C769EDA5F2E,uri://ed-fi.org/SourceSystemDescriptor#State
uri://tpdm.ed-fi.org,CB20860D-6202-4A1E-9009-6805F4F02B0C,DBB2C072-1F04-4FA7-93CF-33DF905BA880,DA3B032B90114E54B54C0A295CE830AB,uri://ed-fi.org/SourceSystemDescriptor#State
uri://tpdm.ed-fi.org,CB20860D-6202-4A1E-9009-6805F4F02B0C,7A0C385B-58E6-493B-B20B-9A33ED35B206,DB55DF0330184AD18A92E2A49B0DD0D7,uri://ed-fi.org/SourceSystemDescriptor#State
uri://tpdm.ed-fi.org,CB20860D-6202-4A1E-9009-6805F4F02B0C,D0FB16E9-1AB5-4ED1-A3B3-684C36F7B281,DB55DF0330184AD18A92E2A49B0DD0D7,uri://ed-fi.org/SourceSystemDescriptor#State
uri://tpdm.ed-fi.org,9F22914C-7A93-4CF6-83C1-850E1185B672,6CC8EA0A-E7D5-46A4-8081-BFD0718223ED,DBFC02A3AE2B4B4E81E7312256CC4364,uri://ed-fi.org/SourceSystemDescriptor#State
uri://tpdm.ed-fi.org,CB20860D-6202-4A1E-9009-6805F4F02B0C,66CFA431-C54B-43A8-A0A4-2E58A0C1C2CF,DBFC02A3AE2B4B4E81E7312256CC4364,uri://ed-fi.org/SourceSystemDescriptor#State
uri://tpdm.ed-fi.org,9F22914C-7A93-4CF6-83C1-850E1185B672,02CFEEA9-59CE-4987-9D47-050B68BBDF10,DE3A0BB3F0034EEBB3AB9C6F2ADBED49,uri://ed-fi.org/SourceSystemDescriptor#State
uri://tpdm.ed-fi.org,8A028D4C-06C1-4653-B3A5-015A8B386EC7,9C6E42A2-A64C-4D91-AEDA-EAEDCD345226,DEE809015E414C308F5C274B96C01201,uri://ed-fi.org/SourceSystemDescriptor#State
uri://tpdm.ed-fi.org,8A028D4C-06C1-4653-B3A5-015A8B386EC7,6ED53906-FFA6-47C6-9602-991471570DF4,DF29ADBF7340430E89093E63E9FA0215,uri://ed-fi.org/SourceSystemDescriptor#State
uri://tpdm.ed-fi.org,8A028D4C-06C1-4653-B3A5-015A8B386EC7,835D1FAF-EC9D-439A-9B81-A122FC1DF318,DF29ADBF7340430E89093E63E9FA0215,uri://ed-fi.org/SourceSystemDescriptor#State
uri://tpdm.ed-fi.org,9F22914C-7A93-4CF6-83C1-850E1185B672,27479963-44AB-48A8-964D-1B13D75E7D46,DF29ADBF7340430E89093E63E9FA0215,uri://ed-fi.org/SourceSystemDescriptor#State
uri://tpdm.ed-fi.org,CB20860D-6202-4A1E-9009-6805F4F02B0C,8F7CBFAF-6B2E-49F6-A557-4A9FD996B1FA,DFC980206AFA4E409DD8AF0860B47F3F,uri://ed-fi.org/SourceSystemDescriptor#State
uri://tpdm.ed-fi.org,8A028D4C-06C1-4653-B3A5-015A8B386EC7,4A52E9DA-D771-4B0F-8BE5-A43D567B65D9,E0A3485626BA4C0C8846CCE323D5F77D,uri://ed-fi.org/SourceSystemDescriptor#State
uri://tpdm.ed-fi.org,8A028D4C-06C1-4653-B3A5-015A8B386EC7,5F5008EB-9C45-4897-9A43-896DDD122296,E0A3485626BA4C0C8846CCE323D5F77D,uri://ed-fi.org/SourceSystemDescriptor#State
uri://tpdm.ed-fi.org,CB20860D-6202-4A1E-9009-6805F4F02B0C,6BFC1A02-A4D2-454C-A925-6D53D7C4389F,E1E385EAB9C8412DA045F32A14650D4B,uri://ed-fi.org/SourceSystemDescriptor#State
uri://tpdm.ed-fi.org,9F22914C-7A93-4CF6-83C1-850E1185B672,20D0AA9F-AED4-4566-B408-B74E4CD1390B,E2A13939463545D6985A0D332399EBA3,uri://ed-fi.org/SourceSystemDescriptor#State
uri://tpdm.ed-fi.org,9F22914C-7A93-4CF6-83C1-850E1185B672,6B6C7389-57EB-4024-86A0-88F0AFC6B19E,E2A13939463545D6985A0D332399EBA3,uri://ed-fi.org/SourceSystemDescriptor#State
uri://tpdm.ed-fi.org,CB20860D-6202-4A1E-9009-6805F4F02B0C,1696CD48-8F86-488C-9DCA-8C4091573465,E35B13C5A19847E6A494B9F3CBD7D493,uri://ed-fi.org/SourceSystemDescriptor#State
uri://tpdm.ed-fi.org,9F22914C-7A93-4CF6-83C1-850E1185B672,18D4FAFA-76B5-435A-BF80-0FF4554BF5EB,E43BB3CC01634B4FAEF5A36DA9864CD3,uri://ed-fi.org/SourceSystemDescriptor#State
uri://tpdm.ed-fi.org,8A028D4C-06C1-4653-B3A5-015A8B386EC7,5CD11140-E593-406C-B2A1-BAE3028C4D2A,E450CA38B0F54A189388F8F56370F333,uri://ed-fi.org/SourceSystemDescriptor#State
uri://tpdm.ed-fi.org,9F22914C-7A93-4CF6-83C1-850E1185B672,149735A3-85C9-4F2E-A521-60AEE59C96DD,E450CA38B0F54A189388F8F56370F333,uri://ed-fi.org/SourceSystemDescriptor#State
uri://tpdm.ed-fi.org,9F22914C-7A93-4CF6-83C1-850E1185B672,3544E358-34F9-4E8E-B15B-D45B8FF7FF1C,E4608BA0FD7A4F609ACA0A28BD430878,uri://ed-fi.org/SourceSystemDescriptor#State
uri://tpdm.ed-fi.org,8A028D4C-06C1-4653-B3A5-015A8B386EC7,0AA48FF6-B363-40B2-B8CF-EB2C396FEE11,E6557B36D1904ED5B43BCCE81ABF65AB,uri://ed-fi.org/SourceSystemDescriptor#State
uri://tpdm.ed-fi.org,9F22914C-7A93-4CF6-83C1-850E1185B672,D1B69E95-0C50-4175-B7F9-7F6F22C1F4E0,E6557B36D1904ED5B43BCCE81ABF65AB,uri://ed-fi.org/SourceSystemDescriptor#State
uri://tpdm.ed-fi.org,CB20860D-6202-4A1E-9009-6805F4F02B0C,D83694BA-7613-4B1E-86C0-62165B2DF8BD,E6557B36D1904ED5B43BCCE81ABF65AB,uri://ed-fi.org/SourceSystemDescriptor#State
uri://tpdm.ed-fi.org,8A028D4C-06C1-4653-B3A5-015A8B386EC7,562550B4-19A3-481E-ACB2-311D6E49DC75,E699C6BEA3254E4FA323378072606CA0,uri://ed-fi.org/SourceSystemDescriptor#State
uri://tpdm.ed-fi.org,8A028D4C-06C1-4653-B3A5-015A8B386EC7,EB3B156D-CF6F-4519-8970-1BCBE4B13C1C,E699C6BEA3254E4FA323378072606CA0,uri://ed-fi.org/SourceSystemDescriptor#State
uri://tpdm.ed-fi.org,CB20860D-6202-4A1E-9009-6805F4F02B0C,873A90D5-3360-4378-8FDA-D8AEC7806BE4,E699C6BEA3254E4FA323378072606CA0,uri://ed-fi.org/SourceSystemDescriptor#State
uri://tpdm.ed-fi.org,8A028D4C-06C1-4653-B3A5-015A8B386EC7,3AD12C78-75FB-4578-BB01-09E63448DE31,E6F5D3767513486187177587914141BA,uri://ed-fi.org/SourceSystemDescriptor#State
uri://tpdm.ed-fi.org,9F22914C-7A93-4CF6-83C1-850E1185B672,54BD6051-9815-44B2-9DA7-E2FC8E0AE7B5,E6F5D3767513486187177587914141BA,uri://ed-fi.org/SourceSystemDescriptor#State
uri://tpdm.ed-fi.org,8A028D4C-06C1-4653-B3A5-015A8B386EC7,018D5C34-4F66-4B87-A904-1A6BFC618820,E9A8BE0C6E29497781D17FF99303EFA2,uri://ed-fi.org/SourceSystemDescriptor#State
uri://tpdm.ed-fi.org,9F22914C-7A93-4CF6-83C1-850E1185B672,68F7D109-0FE4-4824-929B-5C9356F90248,E9A8BE0C6E29497781D17FF99303EFA2,uri://ed-fi.org/SourceSystemDescriptor#State
uri://tpdm.ed-fi.org,8A028D4C-06C1-4653-B3A5-015A8B386EC7,2E30D69F-F424-43B4-A292-12BE880BC9C4,EA48777B607E47D3A798B3BE5E98EC25,uri://ed-fi.org/SourceSystemDescriptor#State
uri://tpdm.ed-fi.org,9F22914C-7A93-4CF6-83C1-850E1185B672,0215E631-4AF3-46CA-938A-473CC390E8D3,EA48777B607E47D3A798B3BE5E98EC25,uri://ed-fi.org/SourceSystemDescriptor#State
uri://tpdm.ed-fi.org,CB20860D-6202-4A1E-9009-6805F4F02B0C,89B77C63-DDC4-4A80-84A2-F56975D6D054,EA48777B607E47D3A798B3BE5E98EC25,uri://ed-fi.org/SourceSystemDescriptor#State
uri://tpdm.ed-fi.org,8A028D4C-06C1-4653-B3A5-015A8B386EC7,F38D5421-8B4B-4B70-BC43-4894B62C4B57,ECAC05DE04F54D09A304FD2660CA6F3C,uri://ed-fi.org/SourceSystemDescriptor#State
uri://tpdm.ed-fi.org,9F22914C-7A93-4CF6-83C1-850E1185B672,6621FF62-1574-4B5A-B110-AB4D95B826BF,F258AFA1D23B4F5F908200B744FB5C1C,uri://ed-fi.org/SourceSystemDescriptor#State
uri://tpdm.ed-fi.org,CB20860D-6202-4A1E-9009-6805F4F02B0C,091D90CE-BCEE-439D-B3A6-B7A4827B7AEB,F28A6B4298AD48BAB276CC46BB99272C,uri://ed-fi.org/SourceSystemDescriptor#State
uri://tpdm.ed-fi.org,CB20860D-6202-4A1E-9009-6805F4F02B0C,B891322F-A043-4174-9F09-2AA5C65B29FC,F28A6B4298AD48BAB276CC46BB99272C,uri://ed-fi.org/SourceSystemDescriptor#State
uri://tpdm.ed-fi.org,CB20860D-6202-4A1E-9009-6805F4F02B0C,77D149E0-DC7C-4359-A423-4AB88388ACB8,F36F4922508E49628A96D88BFCB9681D,uri://ed-fi.org/SourceSystemDescriptor#State
uri://tpdm.ed-fi.org,CB20860D-6202-4A1E-9009-6805F4F02B0C,9FBA7DB9-DD55-4203-B549-417B29D325B3,F398B0E6FD96450197B24232F3797952,uri://ed-fi.org/SourceSystemDescriptor#State
uri://tpdm.ed-fi.org,CB20860D-6202-4A1E-9009-6805F4F02B0C,E33A1410-476E-4F71-9C5B-E9E0BDC93B6B,F398B0E6FD96450197B24232F3797952,uri://ed-fi.org/SourceSystemDescriptor#State
uri://tpdm.ed-fi.org,CB20860D-6202-4A1E-9009-6805F4F02B0C,C52C9A0E-FB30-4329-9B5C-E21D370762F8,F4AD0202C58240A1A77B713E693E97A4,uri://ed-fi.org/SourceSystemDescriptor#State
uri://tpdm.ed-fi.org,8A028D4C-06C1-4653-B3A5-015A8B386EC7,C47A2AF7-913C-4ECF-843A-D64831B9C486,F784E4398AEE473D98BAE8BB7A4F2CE6,uri://ed-fi.org/SourceSystemDescriptor#State
uri://tpdm.ed-fi.org,8A028D4C-06C1-4653-B3A5-015A8B386EC7,A4F76C67-048E-4E85-AD19-2E5E0FD736A2,FA40E03F9A654EA9859845C55C756A24,uri://ed-fi.org/SourceSystemDescriptor#State
uri://tpdm.ed-fi.org,8A028D4C-06C1-4653-B3A5-015A8B386EC7,E5B92CF5-D03C-4065-A6CE-DDE4D4AF73A1,FA9F6EF91EBC4600B980EB660C95DF42,uri://ed-fi.org/SourceSystemDescriptor#State
uri://tpdm.ed-fi.org,9F22914C-7A93-4CF6-83C1-850E1185B672,D63E3145-994B-4110-9C0D-4F1BC82D5E1B,FAD6303AD01044DBBD20DD14A2861ACE,uri://ed-fi.org/SourceSystemDescriptor#State
uri://tpdm.ed-fi.org,8A028D4C-06C1-4653-B3A5-015A8B386EC7,3A64043E-C73B-450A-95D2-8459FC24544D,FB3EFA73BDC147B79EEAF63A0C67FEC9,uri://ed-fi.org/SourceSystemDescriptor#State
uri://tpdm.ed-fi.org,8A028D4C-06C1-4653-B3A5-015A8B386EC7,588B7EC8-5384-4BE7-82ED-AF20E06BCE72,FB3EFA73BDC147B79EEAF63A0C67FEC9,uri://ed-fi.org/SourceSystemDescriptor#State
uri://tpdm.ed-fi.org,9F22914C-7A93-4CF6-83C1-850E1185B672,0973A6EB-C3D9-484D-9409-69924EC1258C,FB52434D8D55467DB58E2690CE2A838D,uri://ed-fi.org/SourceSystemDescriptor#State
uri://tpdm.ed-fi.org,9F22914C-7A93-4CF6-83C1-850E1185B672,C80CC437-AC43-48CE-913C-DC760F966D72,FB52434D8D55467DB58E2690CE2A838D,uri://ed-fi.org/SourceSystemDescriptor#State
uri://tpdm.ed-fi.org,CB20860D-6202-4A1E-9009-6805F4F02B0C,3DE58069-2320-45D8-B432-3C87833FBDA2,FB52434D8D55467DB58E2690CE2A838D,uri://ed-fi.org/SourceSystemDescriptor#State
uri://tpdm.ed-fi.org,CB20860D-6202-4A1E-9009-6805F4F02B0C,CF45BB74-5980-4FF5-82AA-25C10B4E3382,FB52434D8D55467DB58E2690CE2A838D,uri://ed-fi.org/SourceSystemDescriptor#State
uri://tpdm.ed-fi.org,CB20860D-6202-4A1E-9009-6805F4F02B0C,E456D9DA-F04D-44B8-9197-40E08C374336,FC5A4D00139E4DEFB8D247FEF1956E6A,uri://ed-fi.org/SourceSystemDescriptor#State
uri://tpdm.ed-fi.org,8A028D4C-06C1-4653-B3A5-015A8B386EC7,D37B73E4-9A02-4025-BAA0-AD356E3F60E4,FDBEF25F02B94C04887976CBF67F4384,uri://ed-fi.org/SourceSystemDescriptor#State
uri://tpdm.ed-fi.org,8A028D4C-06C1-4653-B3A5-015A8B386EC7,0308E111-3321-4244-9DAE-90DCD2017947,FEA3842418484022AF5463DFD13909F5,uri://ed-fi.org/SourceSystemDescriptor#State
uri://tpdm.ed-fi.org,CB20860D-6202-4A1E-9009-6805F4F02B0C,B1716039-C156-4A0E-961E-A14256BBB73C,FEAC66072AAE4B15B27C011D8718ED93,uri://ed-fi.org/SourceSystemDescriptor#State
uri://tpdm.ed-fi.org,8A028D4C-06C1-4653-B3A5-015A8B386EC7,1DE7CE63-D962-446E-AFF5-D4D5AC352FEB,FFB658F79F37429A84267E686CEBBF70,uri://ed-fi.org/SourceSystemDescriptor#State
uri://tpdm.ed-fi.org,CB20860D-6202-4A1E-9009-6805F4F02B0C,40EE8377-AB81-495A-891B-5FCAEB93120D,FFB658F79F37429A84267E686CEBBF70,uri://ed-fi.org/SourceSystemDescriptor#State
